hold_id,status,library_id,user_id,book_id,hold_date,expiration_date
1,Fulfilled,26,467,4603,2024-08-15 21:46:49.309902,2024-08-22 21:46:49.309902
2,Expired,3,282,2093,2024-08-24 00:30:41.114294,2024-08-31 00:30:41.114294
3,Cancelled,20,426,5135,2025-04-20 19:52:56.037853,2025-04-27 19:52:56.037853
4,Expired,2,445,5363,2025-01-15 19:14:39.456780,2025-01-22 19:14:39.456780
5,Expired,15,52,2946,2025-04-13 10:16:22.276805,2025-04-20 10:16:22.276805
6,Fulfilled,15,7,1749,2025-01-09 03:16:40.977583,2025-01-16 03:16:40.977583
7,Expired,2,373,3848,2025-01-17 12:04:33.907657,2025-01-24 12:04:33.907657
8,Expired,27,448,7294,2024-07-25 09:45:13.473781,2024-08-01 09:45:13.473781
9,Expired,1,203,4929,2024-11-07 01:33:47.703326,2024-11-14 01:33:47.703326
10,Cancelled,8,56,4579,2025-06-27 02:27:35.426854,2025-07-04 02:27:35.426854
11,Expired,25,432,2127,2025-02-28 23:23:24.123645,2025-03-07 23:23:24.123645
12,Expired,4,342,2604,2024-08-15 16:44:32.755213,2024-08-22 16:44:32.755213
13,Expired,21,207,2464,2024-11-24 18:06:34.561235,2024-12-01 18:06:34.561235
14,Expired,29,306,4330,2024-07-10 11:36:43.572602,2024-07-17 11:36:43.572602
15,Expired,4,370,1991,2025-05-31 19:05:43.184855,2025-06-07 19:05:43.184855
16,Expired,8,366,5067,2024-10-20 23:50:30.643993,2024-10-27 23:50:30.643993
17,Expired,20,8,839,2025-05-20 12:47:15.817423,2025-05-27 12:47:15.817423
18,Fulfilled,12,112,1710,2025-02-15 01:55:43.215895,2025-02-22 01:55:43.215895
19,Fulfilled,11,47,3492,2024-12-08 19:25:39.079300,2024-12-15 19:25:39.079300
20,Fulfilled,10,371,1381,2025-01-18 17:22:11.683241,2025-01-25 17:22:11.683241
21,Expired,6,494,3194,2025-01-10 01:56:16.207456,2025-01-17 01:56:16.207456
22,Fulfilled,25,274,6309,2025-01-13 00:20:19.554550,2025-01-20 00:20:19.554550
23,Expired,23,206,4220,2025-01-26 17:39:20.251762,2025-02-02 17:39:20.251762
24,Expired,16,379,7659,2024-12-04 01:31:45.583829,2024-12-11 01:31:45.583829
25,Fulfilled,9,467,6067,2025-01-16 07:49:12.199086,2025-01-23 07:49:12.199086
26,Expired,17,98,4332,2024-10-28 13:58:58.378264,2024-11-04 13:58:58.378264
27,Expired,24,376,2439,2025-04-11 12:14:46.568977,2025-04-18 12:14:46.568977
28,Fulfilled,24,243,6040,2025-01-26 18:15:24.876780,2025-02-02 18:15:24.876780
29,Cancelled,6,46,50,2024-12-13 08:58:31.357197,2024-12-20 08:58:31.357197
30,Fulfilled,7,195,2495,2025-05-13 13:06:31.997622,2025-05-20 13:06:31.997622
31,Expired,17,21,6357,2024-12-26 09:01:57.818086,2025-01-02 09:01:57.818086
32,Expired,16,44,7191,2024-11-22 06:45:12.043497,2024-11-29 06:45:12.043497
33,Expired,1,234,778,2025-02-24 05:38:41.193138,2025-03-03 05:38:41.193138
34,Expired,24,100,619,2025-06-06 23:57:07.458816,2025-06-13 23:57:07.458816
35,Expired,3,318,3198,2025-05-26 15:31:32.737243,2025-06-02 15:31:32.737243
36,Expired,30,475,3539,2025-04-04 20:43:07.190375,2025-04-11 20:43:07.190375
37,Expired,20,371,2139,2024-11-01 17:34:37.796900,2024-11-08 17:34:37.796900
38,Expired,5,207,3414,2024-10-24 11:10:11.878662,2024-10-31 11:10:11.878662
39,Expired,11,112,6822,2024-07-27 15:12:54.448158,2024-08-03 15:12:54.448158
40,Fulfilled,2,271,6955,2024-12-12 01:43:57.965644,2024-12-19 01:43:57.965644
41,Expired,8,247,2167,2025-03-26 17:54:10.625499,2025-04-02 17:54:10.625499
42,Expired,3,116,38,2024-10-10 21:39:52.558029,2024-10-17 21:39:52.558029
43,Cancelled,30,349,739,2025-02-14 11:46:13.357348,2025-02-21 11:46:13.357348
44,Expired,7,360,4947,2025-05-21 14:30:40.333992,2025-05-28 14:30:40.333992
45,Expired,4,95,3776,2025-01-11 13:15:23.051774,2025-01-18 13:15:23.051774
46,Active,29,87,2497,2025-06-23 15:00:11.938406,2025-06-30 15:00:11.938406
47,Cancelled,9,75,7069,2024-07-01 17:16:08.551326,2024-07-08 17:16:08.551326
48,Expired,10,472,5562,2025-03-19 22:05:18.300498,2025-03-26 22:05:18.300498
49,Expired,5,342,5684,2025-06-13 04:02:49.437320,2025-06-20 04:02:49.437320
50,Expired,2,29,763,2024-10-31 19:33:43.210762,2024-11-07 19:33:43.210762
51,Expired,28,299,4121,2025-05-08 22:50:53.897696,2025-05-15 22:50:53.897696
52,Active,24,282,6044,2025-06-27 12:41:39.943462,2025-07-04 12:41:39.943462
53,Expired,4,80,5351,2025-02-07 01:44:16.189209,2025-02-14 01:44:16.189209
54,Fulfilled,14,174,3025,2025-06-10 06:07:37.186469,2025-06-17 06:07:37.186469
55,Expired,1,51,3807,2025-04-03 16:38:24.406775,2025-04-10 16:38:24.406775
56,Cancelled,27,26,1472,2025-03-14 02:41:28.063896,2025-03-21 02:41:28.063896
57,Expired,15,307,130,2024-12-04 12:13:03.842148,2024-12-11 12:13:03.842148
58,Expired,5,228,377,2025-05-02 02:12:42.861741,2025-05-09 02:12:42.861741
59,Expired,29,203,2001,2024-11-13 00:53:48.291548,2024-11-20 00:53:48.291548
60,Expired,3,71,1474,2025-03-08 09:17:31.791537,2025-03-15 09:17:31.791537
61,Expired,5,246,5903,2025-06-02 08:25:32.478805,2025-06-09 08:25:32.478805
62,Fulfilled,2,416,4836,2024-10-17 07:42:33.231537,2024-10-24 07:42:33.231537
63,Expired,17,437,7280,2025-03-06 18:11:59.368855,2025-03-13 18:11:59.368855
64,Fulfilled,27,27,3449,2024-12-30 20:20:52.317389,2025-01-06 20:20:52.317389
65,Expired,25,87,4322,2025-05-14 00:17:13.014772,2025-05-21 00:17:13.014772
66,Fulfilled,8,444,6125,2024-09-29 15:47:48.766798,2024-10-06 15:47:48.766798
67,Expired,28,236,1134,2024-12-08 08:53:02.646746,2024-12-15 08:53:02.646746
68,Fulfilled,22,282,4032,2025-06-21 03:47:22.137439,2025-06-28 03:47:22.137439
69,Fulfilled,26,139,2904,2025-02-07 10:05:45.014832,2025-02-14 10:05:45.014832
70,Expired,2,3,7107,2025-05-15 02:40:18.903838,2025-05-22 02:40:18.903838
71,Fulfilled,4,158,1983,2025-02-18 19:07:33.572844,2025-02-25 19:07:33.572844
72,Expired,18,416,5705,2024-12-08 17:15:11.093731,2024-12-15 17:15:11.093731
73,Expired,12,90,3936,2025-06-13 09:41:19.694982,2025-06-20 09:41:19.694982
74,Expired,4,115,1988,2025-04-17 14:47:48.535813,2025-04-24 14:47:48.535813
75,Expired,9,153,4678,2024-08-18 13:21:19.990850,2024-08-25 13:21:19.990850
76,Expired,19,348,5906,2025-03-25 15:14:03.973868,2025-04-01 15:14:03.973868
77,Expired,5,353,814,2025-01-28 21:52:47.422058,2025-02-04 21:52:47.422058
78,Fulfilled,20,232,2446,2025-02-09 23:34:41.796104,2025-02-16 23:34:41.796104
79,Expired,13,422,2406,2025-03-14 17:09:06.163104,2025-03-21 17:09:06.163104
80,Expired,27,269,5724,2024-11-23 12:27:53.198988,2024-11-30 12:27:53.198988
81,Expired,17,194,5844,2024-08-01 21:16:03.501604,2024-08-08 21:16:03.501604
82,Expired,5,314,1244,2024-11-20 06:11:17.926164,2024-11-27 06:11:17.926164
83,Fulfilled,10,433,6900,2024-07-18 12:57:54.637473,2024-07-25 12:57:54.637473
84,Fulfilled,7,428,7037,2025-03-30 19:10:34.527534,2025-04-06 19:10:34.527534
85,Expired,18,39,6306,2024-10-23 01:36:21.924978,2024-10-30 01:36:21.924978
86,Expired,24,130,5009,2025-05-29 05:15:44.904491,2025-06-05 05:15:44.904491
87,Expired,2,4,5246,2025-03-11 03:26:39.325653,2025-03-18 03:26:39.325653
88,Cancelled,4,293,3596,2025-04-06 16:00:06.465930,2025-04-13 16:00:06.465930
89,Cancelled,8,278,1619,2024-12-16 04:15:39.920482,2024-12-23 04:15:39.920482
90,Expired,21,402,4527,2024-12-22 15:52:21.866351,2024-12-29 15:52:21.866351
91,Expired,17,132,2601,2025-02-27 20:31:20.793422,2025-03-06 20:31:20.793422
92,Expired,14,63,2388,2025-01-03 09:24:36.406275,2025-01-10 09:24:36.406275
93,Expired,1,408,300,2024-06-30 23:48:44.944933,2024-07-07 23:48:44.944933
94,Expired,2,17,5166,2024-07-11 17:54:43.568235,2024-07-18 17:54:43.568235
95,Expired,5,451,3142,2025-02-22 00:39:39.298832,2025-03-01 00:39:39.298832
96,Fulfilled,19,300,4260,2025-03-04 18:35:54.955119,2025-03-11 18:35:54.955119
97,Cancelled,5,146,6393,2025-04-30 23:08:18.907373,2025-05-07 23:08:18.907373
98,Expired,19,256,3226,2025-03-14 00:59:43.218452,2025-03-21 00:59:43.218452
99,Fulfilled,24,144,3403,2024-07-09 02:54:33.330407,2024-07-16 02:54:33.330407
100,Expired,21,261,4687,2025-01-18 23:46:05.197765,2025-01-25 23:46:05.197765
101,Fulfilled,30,474,5364,2024-11-04 10:36:03.084791,2024-11-11 10:36:03.084791
102,Fulfilled,20,437,6124,2024-12-08 04:30:48.368986,2024-12-15 04:30:48.368986
103,Fulfilled,12,189,1769,2024-11-11 15:26:01.695354,2024-11-18 15:26:01.695354
104,Fulfilled,26,373,7734,2024-10-19 03:26:37.488714,2024-10-26 03:26:37.488714
105,Active,30,291,6047,2025-06-24 22:11:34.438087,2025-07-01 22:11:34.438087
106,Expired,1,249,5678,2024-12-29 00:23:28.527812,2025-01-05 00:23:28.527812
107,Expired,27,408,501,2025-06-10 01:06:31.816636,2025-06-17 01:06:31.816636
108,Expired,1,411,2107,2025-04-21 02:45:07.763335,2025-04-28 02:45:07.763335
109,Expired,5,472,6300,2024-08-25 08:47:24.580964,2024-09-01 08:47:24.580964
110,Cancelled,6,141,948,2025-02-15 15:44:12.945520,2025-02-22 15:44:12.945520
111,Expired,21,397,5412,2025-01-27 13:59:39.732573,2025-02-03 13:59:39.732573
112,Expired,3,90,2412,2024-07-10 12:06:54.388221,2024-07-17 12:06:54.388221
113,Expired,22,455,2397,2024-12-30 13:38:14.696221,2025-01-06 13:38:14.696221
114,Expired,10,70,92,2024-08-19 03:09:00.455398,2024-08-26 03:09:00.455398
115,Expired,25,295,3542,2025-01-07 12:58:31.164552,2025-01-14 12:58:31.164552
116,Expired,26,387,2173,2025-02-03 15:44:57.318509,2025-02-10 15:44:57.318509
117,Fulfilled,18,136,6633,2025-03-04 22:24:10.319363,2025-03-11 22:24:10.319363
118,Fulfilled,14,323,348,2024-08-12 04:59:08.977834,2024-08-19 04:59:08.977834
119,Fulfilled,8,104,2089,2024-09-01 14:54:14.266404,2024-09-08 14:54:14.266404
120,Expired,11,270,4688,2024-07-17 01:24:24.726890,2024-07-24 01:24:24.726890
121,Expired,8,89,1441,2025-01-03 17:15:22.744693,2025-01-10 17:15:22.744693
122,Expired,25,437,6086,2025-06-14 08:36:28.338847,2025-06-21 08:36:28.338847
123,Expired,15,58,7886,2025-02-11 07:41:42.674986,2025-02-18 07:41:42.674986
124,Expired,18,11,290,2025-01-13 03:43:21.294017,2025-01-20 03:43:21.294017
125,Expired,4,99,1082,2024-07-24 18:07:19.114443,2024-07-31 18:07:19.114443
126,Expired,1,235,4875,2025-03-14 17:58:36.658640,2025-03-21 17:58:36.658640
127,Expired,16,485,3933,2025-02-21 05:26:05.539184,2025-02-28 05:26:05.539184
128,Active,21,65,813,2025-06-24 07:17:13.524372,2025-07-01 07:17:13.524372
129,Expired,30,462,7540,2024-08-15 15:11:17.156073,2024-08-22 15:11:17.156073
130,Expired,13,436,4015,2025-02-17 01:54:12.566583,2025-02-24 01:54:12.566583
131,Expired,28,135,4351,2025-06-16 02:40:44.778273,2025-06-23 02:40:44.778273
132,Expired,8,42,3151,2025-02-02 09:23:39.261241,2025-02-09 09:23:39.261241
133,Fulfilled,25,486,7024,2025-05-06 12:01:57.019522,2025-05-13 12:01:57.019522
134,Cancelled,2,448,4737,2025-01-27 05:40:13.495338,2025-02-03 05:40:13.495338
135,Fulfilled,28,478,5670,2025-04-11 15:39:13.478023,2025-04-18 15:39:13.478023
136,Fulfilled,9,220,3761,2025-03-08 21:24:23.914556,2025-03-15 21:24:23.914556
137,Fulfilled,13,78,3021,2024-10-30 00:05:34.344279,2024-11-06 00:05:34.344279
138,Fulfilled,4,191,7406,2024-11-10 00:03:08.162131,2024-11-17 00:03:08.162131
139,Expired,27,80,4202,2024-12-22 13:00:24.144628,2024-12-29 13:00:24.144628
140,Expired,6,92,2704,2025-02-25 19:28:24.262788,2025-03-04 19:28:24.262788
141,Expired,24,264,6600,2025-04-17 04:59:35.692046,2025-04-24 04:59:35.692046
142,Expired,24,459,6542,2024-07-23 01:17:00.379560,2024-07-30 01:17:00.379560
143,Expired,17,279,506,2024-10-09 12:24:47.489164,2024-10-16 12:24:47.489164
144,Expired,5,461,2060,2025-03-10 04:03:15.044087,2025-03-17 04:03:15.044087
145,Cancelled,19,341,7824,2025-02-25 01:46:29.624802,2025-03-04 01:46:29.624802
146,Fulfilled,9,147,1057,2024-08-29 18:26:53.614197,2024-09-05 18:26:53.614197
147,Fulfilled,28,37,1237,2025-01-03 20:50:20.506641,2025-01-10 20:50:20.506641
148,Expired,30,346,1835,2024-07-18 10:49:49.599277,2024-07-25 10:49:49.599277
149,Expired,24,57,1366,2024-11-27 07:37:22.647964,2024-12-04 07:37:22.647964
150,Cancelled,28,173,1089,2024-07-20 00:13:55.964087,2024-07-27 00:13:55.964087
151,Expired,22,151,7493,2025-01-15 13:36:15.447354,2025-01-22 13:36:15.447354
152,Fulfilled,6,347,1164,2025-01-26 13:35:53.700072,2025-02-02 13:35:53.700072
153,Expired,12,62,5530,2024-10-17 19:48:57.778774,2024-10-24 19:48:57.778774
154,Expired,27,468,2308,2024-12-06 14:26:35.953185,2024-12-13 14:26:35.953185
155,Expired,16,482,2477,2024-11-28 10:08:47.469876,2024-12-05 10:08:47.469876
156,Expired,3,442,3222,2025-01-20 00:28:56.163680,2025-01-27 00:28:56.163680
157,Expired,15,85,3295,2025-04-24 16:42:52.625750,2025-05-01 16:42:52.625750
158,Expired,22,381,3174,2024-07-01 04:35:06.266077,2024-07-08 04:35:06.266077
159,Expired,4,4,3625,2024-10-05 21:20:41.989508,2024-10-12 21:20:41.989508
160,Expired,24,491,7896,2025-02-13 10:01:08.015813,2025-02-20 10:01:08.015813
161,Expired,3,432,2009,2025-02-01 01:20:58.205696,2025-02-08 01:20:58.205696
162,Expired,30,85,1007,2024-08-13 19:49:29.411863,2024-08-20 19:49:29.411863
163,Expired,15,216,5084,2024-11-16 07:38:14.273301,2024-11-23 07:38:14.273301
164,Active,18,227,887,2025-06-26 10:01:03.433741,2025-07-03 10:01:03.433741
165,Expired,9,420,1004,2024-09-09 14:07:38.410304,2024-09-16 14:07:38.410304
166,Expired,22,24,6938,2024-10-09 16:39:58.185304,2024-10-16 16:39:58.185304
167,Expired,9,407,4714,2024-12-29 04:59:31.646560,2025-01-05 04:59:31.646560
168,Cancelled,6,95,5830,2024-08-22 07:29:04.261732,2024-08-29 07:29:04.261732
169,Fulfilled,27,129,193,2024-07-19 08:40:40.860234,2024-07-26 08:40:40.860234
170,Expired,14,402,1534,2025-05-01 12:30:23.101076,2025-05-08 12:30:23.101076
171,Fulfilled,1,433,768,2025-04-12 06:08:24.080756,2025-04-19 06:08:24.080756
172,Expired,27,244,3153,2025-06-12 03:34:51.205936,2025-06-19 03:34:51.205936
173,Fulfilled,7,422,7112,2025-03-13 23:52:17.527761,2025-03-20 23:52:17.527761
174,Cancelled,4,278,2431,2025-02-18 18:35:51.829870,2025-02-25 18:35:51.829870
175,Fulfilled,13,480,5366,2025-06-08 07:34:37.444631,2025-06-15 07:34:37.444631
176,Fulfilled,6,1,2830,2024-08-28 06:00:28.811659,2024-09-04 06:00:28.811659
177,Expired,17,304,3682,2024-08-30 00:55:57.555337,2024-09-06 00:55:57.555337
178,Expired,19,122,139,2024-09-21 04:01:03.744765,2024-09-28 04:01:03.744765
179,Expired,17,197,5276,2025-03-08 09:34:23.059566,2025-03-15 09:34:23.059566
180,Expired,11,252,1108,2025-02-18 15:17:25.040660,2025-02-25 15:17:25.040660
181,Expired,22,329,2164,2025-03-11 06:55:55.545419,2025-03-18 06:55:55.545419
182,Expired,25,286,6122,2024-08-03 20:35:24.249938,2024-08-10 20:35:24.249938
183,Expired,10,293,6129,2024-09-06 16:06:43.412822,2024-09-13 16:06:43.412822
184,Expired,17,244,5197,2025-03-18 22:36:37.314405,2025-03-25 22:36:37.314405
185,Expired,8,286,6918,2025-06-19 20:12:58.786208,2025-06-26 20:12:58.786208
186,Expired,25,500,4085,2024-10-23 23:21:50.393619,2024-10-30 23:21:50.393619
187,Fulfilled,6,212,4806,2025-04-18 22:33:28.802370,2025-04-25 22:33:28.802370
188,Expired,10,445,1217,2024-10-15 07:53:40.047992,2024-10-22 07:53:40.047992
189,Expired,24,421,5557,2024-09-18 17:30:59.725866,2024-09-25 17:30:59.725866
190,Expired,29,488,2016,2024-10-17 02:39:57.485954,2024-10-24 02:39:57.485954
191,Expired,17,55,3492,2024-09-13 07:32:17.760561,2024-09-20 07:32:17.760561
192,Fulfilled,20,138,7919,2024-11-17 10:08:43.033518,2024-11-24 10:08:43.033518
193,Expired,16,463,5892,2024-10-27 02:58:29.984687,2024-11-03 02:58:29.984687
194,Fulfilled,3,200,566,2025-05-25 18:57:22.236143,2025-06-01 18:57:22.236143
195,Expired,11,440,7787,2024-11-19 16:22:24.758284,2024-11-26 16:22:24.758284
196,Expired,2,100,1131,2025-04-26 14:40:13.806032,2025-05-03 14:40:13.806032
197,Expired,9,217,6880,2024-10-27 02:36:38.060082,2024-11-03 02:36:38.060082
198,Expired,16,202,3308,2024-07-09 20:16:11.427837,2024-07-16 20:16:11.427837
199,Expired,9,197,4604,2024-08-03 02:18:40.880490,2024-08-10 02:18:40.880490
200,Expired,16,340,139,2024-08-13 11:42:01.408777,2024-08-20 11:42:01.408777
201,Expired,2,118,3696,2024-12-22 14:20:30.096488,2024-12-29 14:20:30.096488
202,Expired,2,476,5169,2025-05-17 08:30:41.951887,2025-05-24 08:30:41.951887
203,Expired,6,441,4581,2024-07-29 05:29:22.926743,2024-08-05 05:29:22.926743
204,Expired,18,352,4386,2025-02-27 00:29:51.140656,2025-03-06 00:29:51.140656
205,Expired,19,120,3921,2024-07-26 02:37:48.941918,2024-08-02 02:37:48.941918
206,Fulfilled,29,348,6068,2024-12-01 19:05:33.628859,2024-12-08 19:05:33.628859
207,Expired,13,431,4371,2025-03-06 17:10:27.366725,2025-03-13 17:10:27.366725
208,Expired,5,262,2721,2024-10-10 13:00:56.123031,2024-10-17 13:00:56.123031
209,Expired,14,163,7296,2025-04-06 08:19:00.963432,2025-04-13 08:19:00.963432
210,Expired,23,243,6619,2024-08-20 20:28:39.216136,2024-08-27 20:28:39.216136
211,Fulfilled,11,316,4511,2025-04-03 17:38:54.674067,2025-04-10 17:38:54.674067
212,Expired,8,350,7905,2024-09-06 01:07:16.506031,2024-09-13 01:07:16.506031
213,Cancelled,10,240,3584,2025-03-29 01:25:10.610353,2025-04-05 01:25:10.610353
214,Expired,25,137,6429,2024-07-24 01:46:28.350173,2024-07-31 01:46:28.350173
215,Fulfilled,24,495,3433,2024-12-04 20:48:39.425011,2024-12-11 20:48:39.425011
216,Expired,21,142,5135,2024-12-14 21:42:59.795322,2024-12-21 21:42:59.795322
217,Expired,10,227,6489,2024-08-29 02:44:23.422940,2024-09-05 02:44:23.422940
218,Fulfilled,21,153,260,2025-02-08 21:24:41.773512,2025-02-15 21:24:41.773512
219,Expired,4,405,2855,2024-08-30 23:10:03.425311,2024-09-06 23:10:03.425311
220,Expired,8,299,7044,2025-03-16 10:24:09.666471,2025-03-23 10:24:09.666471
221,Fulfilled,23,169,4559,2024-08-12 07:40:58.720133,2024-08-19 07:40:58.720133
222,Active,7,303,5677,2025-06-27 19:53:25.770516,2025-07-04 19:53:25.770516
223,Expired,7,491,723,2024-10-11 16:18:31.922318,2024-10-18 16:18:31.922318
224,Expired,4,412,2830,2024-08-19 19:25:29.359279,2024-08-26 19:25:29.359279
225,Expired,9,333,2714,2025-03-28 22:12:18.267035,2025-04-04 22:12:18.267035
226,Expired,29,178,518,2024-08-01 18:02:19.252726,2024-08-08 18:02:19.252726
227,Fulfilled,26,147,7904,2024-07-03 16:05:34.823872,2024-07-10 16:05:34.823872
228,Expired,23,455,2952,2024-11-10 18:32:38.156814,2024-11-17 18:32:38.156814
229,Expired,24,315,6126,2024-11-19 17:41:32.503755,2024-11-26 17:41:32.503755
230,Expired,21,132,6509,2024-07-10 09:37:23.483571,2024-07-17 09:37:23.483571
231,Fulfilled,5,410,2858,2024-10-04 08:26:31.111066,2024-10-11 08:26:31.111066
232,Expired,23,189,4807,2025-01-10 11:45:31.943720,2025-01-17 11:45:31.943720
233,Expired,19,439,986,2024-11-20 16:43:39.485039,2024-11-27 16:43:39.485039
234,Expired,6,168,1502,2024-08-01 11:35:51.767612,2024-08-08 11:35:51.767612
235,Fulfilled,8,473,4508,2024-09-08 09:39:38.473648,2024-09-15 09:39:38.473648
236,Expired,19,87,6357,2025-05-27 21:53:57.400446,2025-06-03 21:53:57.400446
237,Expired,9,153,3297,2025-01-22 03:12:11.921124,2025-01-29 03:12:11.921124
238,Expired,26,347,855,2025-04-11 21:54:50.471748,2025-04-18 21:54:50.471748
239,Expired,1,183,7239,2025-06-06 15:15:26.083330,2025-06-13 15:15:26.083330
240,Cancelled,23,389,5622,2024-08-26 21:26:31.481590,2024-09-02 21:26:31.481590
241,Active,22,328,330,2025-06-25 17:48:53.739741,2025-07-02 17:48:53.739741
242,Expired,13,482,4796,2024-07-14 01:32:41.540577,2024-07-21 01:32:41.540577
243,Fulfilled,24,408,5053,2025-05-28 10:41:49.662047,2025-06-04 10:41:49.662047
244,Expired,15,217,2584,2025-04-15 04:59:25.447940,2025-04-22 04:59:25.447940
245,Expired,2,288,2499,2025-01-05 17:35:38.959226,2025-01-12 17:35:38.959226
246,Fulfilled,22,189,5344,2024-11-09 08:35:38.206268,2024-11-16 08:35:38.206268
247,Expired,6,269,4759,2024-09-01 05:02:21.921017,2024-09-08 05:02:21.921017
248,Expired,30,410,3779,2025-05-02 17:34:30.632476,2025-05-09 17:34:30.632476
249,Fulfilled,23,337,2315,2024-11-02 06:50:38.100053,2024-11-09 06:50:38.100053
250,Expired,26,447,1007,2025-01-29 14:55:15.312311,2025-02-05 14:55:15.312311
251,Expired,1,288,6974,2024-10-17 10:49:59.897230,2024-10-24 10:49:59.897230
252,Expired,27,179,6514,2024-12-11 15:52:04.050246,2024-12-18 15:52:04.050246
253,Fulfilled,5,220,5408,2024-08-03 16:22:14.894985,2024-08-10 16:22:14.894985
254,Expired,24,157,3203,2024-10-21 00:47:11.124454,2024-10-28 00:47:11.124454
255,Fulfilled,11,403,7606,2024-08-27 22:06:25.317936,2024-09-03 22:06:25.317936
256,Expired,12,309,3064,2024-09-05 19:17:12.781101,2024-09-12 19:17:12.781101
257,Expired,29,89,6200,2025-03-11 03:22:02.357417,2025-03-18 03:22:02.357417
258,Expired,5,362,4697,2024-11-20 17:04:31.160891,2024-11-27 17:04:31.160891
259,Fulfilled,12,117,5649,2025-03-24 13:02:06.278817,2025-03-31 13:02:06.278817
260,Fulfilled,5,425,4045,2025-05-12 02:34:42.804698,2025-05-19 02:34:42.804698
261,Expired,4,394,5834,2025-03-01 08:50:50.950364,2025-03-08 08:50:50.950364
262,Expired,23,252,3954,2025-06-07 19:47:58.783317,2025-06-14 19:47:58.783317
263,Expired,26,225,6927,2024-12-17 08:55:19.868558,2024-12-24 08:55:19.868558
264,Expired,23,271,4753,2025-05-13 17:05:28.914896,2025-05-20 17:05:28.914896
265,Expired,1,136,3646,2025-02-20 22:42:33.214116,2025-02-27 22:42:33.214116
266,Fulfilled,13,22,7154,2025-02-05 00:38:16.958515,2025-02-12 00:38:16.958515
267,Expired,5,415,600,2024-12-08 12:24:27.870450,2024-12-15 12:24:27.870450
268,Active,23,368,6783,2025-06-22 21:02:07.279129,2025-06-29 21:02:07.279129
269,Expired,23,267,372,2024-07-31 16:28:37.231998,2024-08-07 16:28:37.231998
270,Expired,26,438,6406,2025-03-03 16:51:12.171740,2025-03-10 16:51:12.171740
271,Expired,22,233,7119,2024-08-01 16:36:06.090796,2024-08-08 16:36:06.090796
272,Cancelled,30,128,826,2024-10-13 00:36:07.385003,2024-10-20 00:36:07.385003
273,Fulfilled,8,50,1544,2024-12-26 00:45:11.437360,2025-01-02 00:45:11.437360
274,Active,26,150,4549,2025-06-23 18:45:11.537916,2025-06-30 18:45:11.537916
275,Fulfilled,30,75,2616,2025-05-18 16:36:28.328361,2025-05-25 16:36:28.328361
276,Expired,1,131,5871,2025-01-09 05:17:52.209098,2025-01-16 05:17:52.209098
277,Fulfilled,17,195,5846,2025-02-08 18:27:20.328580,2025-02-15 18:27:20.328580
278,Expired,11,165,1897,2025-04-12 13:56:29.924263,2025-04-19 13:56:29.924263
279,Fulfilled,12,32,2324,2025-05-26 15:01:15.519578,2025-06-02 15:01:15.519578
280,Expired,1,313,2936,2024-12-09 02:47:13.831561,2024-12-16 02:47:13.831561
281,Expired,1,63,6474,2024-08-22 09:58:43.265214,2024-08-29 09:58:43.265214
282,Expired,21,247,5526,2024-07-02 15:34:00.436225,2024-07-09 15:34:00.436225
283,Cancelled,11,434,658,2025-05-18 11:00:42.728472,2025-05-25 11:00:42.728472
284,Expired,25,368,3012,2025-03-14 07:12:01.210488,2025-03-21 07:12:01.210488
285,Fulfilled,19,142,7525,2024-08-28 07:17:35.286710,2024-09-04 07:17:35.286710
286,Fulfilled,3,221,6697,2024-11-10 12:13:29.535148,2024-11-17 12:13:29.535148
287,Fulfilled,24,170,7664,2025-03-03 13:32:29.824345,2025-03-10 13:32:29.824345
288,Expired,4,388,6246,2024-11-02 09:59:18.298819,2024-11-09 09:59:18.298819
289,Fulfilled,20,64,1683,2024-12-12 05:07:59.670877,2024-12-19 05:07:59.670877
290,Active,23,299,1691,2025-06-22 04:55:52.476002,2025-06-29 04:55:52.476002
291,Expired,21,411,5715,2025-03-08 04:23:50.209657,2025-03-15 04:23:50.209657
292,Fulfilled,10,325,5481,2025-03-28 17:55:47.018790,2025-04-04 17:55:47.018790
293,Expired,13,32,1738,2024-08-24 14:40:34.867849,2024-08-31 14:40:34.867849
294,Fulfilled,29,106,6763,2025-02-06 00:03:36.732812,2025-02-13 00:03:36.732812
295,Expired,10,315,7442,2025-03-07 14:57:41.510369,2025-03-14 14:57:41.510369
296,Expired,18,423,4460,2025-06-10 19:53:03.064397,2025-06-17 19:53:03.064397
297,Expired,1,51,7097,2024-07-16 00:52:24.514290,2024-07-23 00:52:24.514290
298,Expired,29,306,6044,2024-10-14 15:41:54.316272,2024-10-21 15:41:54.316272
299,Expired,17,137,6793,2025-03-06 01:07:31.548180,2025-03-13 01:07:31.548180
300,Cancelled,5,294,3528,2025-05-27 07:46:24.456540,2025-06-03 07:46:24.456540
301,Expired,21,72,3448,2025-05-19 00:27:58.896350,2025-05-26 00:27:58.896350
302,Cancelled,9,385,2972,2025-02-26 17:42:19.049808,2025-03-05 17:42:19.049808
303,Expired,26,284,1087,2024-07-29 04:45:59.854230,2024-08-05 04:45:59.854230
304,Expired,4,3,6034,2025-05-27 18:35:28.400116,2025-06-03 18:35:28.400116
305,Expired,8,260,2829,2024-09-13 02:42:07.245319,2024-09-20 02:42:07.245319
306,Expired,13,286,6963,2025-01-16 16:21:17.126098,2025-01-23 16:21:17.126098
307,Expired,17,275,7806,2025-04-28 14:15:52.313208,2025-05-05 14:15:52.313208
308,Expired,3,391,7232,2024-09-19 21:12:35.995252,2024-09-26 21:12:35.995252
309,Expired,1,227,3609,2025-06-13 04:08:39.400137,2025-06-20 04:08:39.400137
310,Expired,29,298,2194,2024-07-21 01:39:16.125020,2024-07-28 01:39:16.125020
311,Fulfilled,27,208,4136,2024-12-24 18:35:48.160157,2024-12-31 18:35:48.160157
312,Fulfilled,8,171,4647,2025-01-28 21:51:04.470776,2025-02-04 21:51:04.470776
313,Expired,11,305,3019,2024-10-09 04:41:15.139677,2024-10-16 04:41:15.139677
314,Expired,7,21,5754,2025-04-25 16:25:08.931460,2025-05-02 16:25:08.931460
315,Cancelled,6,17,32,2025-03-14 11:29:44.608066,2025-03-21 11:29:44.608066
316,Expired,17,130,7797,2025-01-14 10:11:05.624166,2025-01-21 10:11:05.624166
317,Fulfilled,20,286,1748,2024-08-20 10:09:31.618222,2024-08-27 10:09:31.618222
318,Active,14,154,5015,2025-06-27 01:50:20.382195,2025-07-04 01:50:20.382195
319,Fulfilled,5,304,5708,2024-09-30 03:50:38.360667,2024-10-07 03:50:38.360667
320,Fulfilled,26,91,2043,2025-05-24 09:50:09.720194,2025-05-31 09:50:09.720194
321,Expired,11,433,1795,2025-01-22 12:06:19.518313,2025-01-29 12:06:19.518313
322,Fulfilled,13,47,1441,2024-12-21 12:49:33.059111,2024-12-28 12:49:33.059111
323,Expired,21,223,6231,2024-08-25 12:54:09.552553,2024-09-01 12:54:09.552553
324,Expired,25,239,5269,2025-04-11 17:39:48.494230,2025-04-18 17:39:48.494230
325,Fulfilled,5,422,7239,2024-10-07 20:42:28.598309,2024-10-14 20:42:28.598309
326,Expired,10,195,1581,2025-02-22 13:04:37.836247,2025-03-01 13:04:37.836247
327,Expired,26,433,3736,2024-07-13 11:58:18.863456,2024-07-20 11:58:18.863456
328,Fulfilled,28,129,2579,2025-01-23 00:37:52.598884,2025-01-30 00:37:52.598884
329,Fulfilled,19,384,2843,2025-02-09 20:36:24.594679,2025-02-16 20:36:24.594679
330,Expired,5,62,602,2025-05-11 10:09:23.345568,2025-05-18 10:09:23.345568
331,Cancelled,2,335,2443,2025-01-18 01:04:35.075925,2025-01-25 01:04:35.075925
332,Cancelled,30,143,5814,2025-03-05 06:16:07.066902,2025-03-12 06:16:07.066902
333,Expired,28,197,4348,2025-03-06 14:19:58.818317,2025-03-13 14:19:58.818317
334,Expired,1,456,6858,2024-08-01 15:43:05.139822,2024-08-08 15:43:05.139822
335,Expired,6,461,6037,2024-11-14 08:00:24.942054,2024-11-21 08:00:24.942054
336,Expired,20,473,838,2025-03-19 15:59:28.511275,2025-03-26 15:59:28.511275
337,Expired,26,201,5091,2025-01-25 14:26:48.456155,2025-02-01 14:26:48.456155
338,Expired,30,346,1894,2024-07-29 06:48:56.355572,2024-08-05 06:48:56.355572
339,Fulfilled,13,426,6574,2024-07-03 13:05:11.603923,2024-07-10 13:05:11.603923
340,Expired,17,126,4532,2025-05-09 23:22:35.840141,2025-05-16 23:22:35.840141
341,Expired,11,237,2084,2025-04-09 14:17:14.111271,2025-04-16 14:17:14.111271
342,Expired,20,264,294,2024-08-02 07:52:52.073319,2024-08-09 07:52:52.073319
343,Expired,28,341,4709,2025-05-09 07:52:32.226390,2025-05-16 07:52:32.226390
344,Expired,17,20,1590,2024-10-02 14:01:55.828617,2024-10-09 14:01:55.828617
345,Expired,8,407,5164,2024-09-19 19:42:02.288017,2024-09-26 19:42:02.288017
346,Expired,20,257,6689,2024-08-15 14:57:03.247379,2024-08-22 14:57:03.247379
347,Expired,10,348,7010,2024-07-03 04:41:55.111555,2024-07-10 04:41:55.111555
348,Expired,19,246,4030,2024-08-08 21:56:34.108158,2024-08-15 21:56:34.108158
349,Expired,29,120,7804,2025-03-16 08:44:29.094250,2025-03-23 08:44:29.094250
350,Expired,23,137,3550,2024-07-09 17:13:11.225740,2024-07-16 17:13:11.225740
351,Expired,8,180,5029,2025-01-21 20:01:36.380616,2025-01-28 20:01:36.380616
352,Cancelled,11,34,1708,2024-09-07 08:06:30.243417,2024-09-14 08:06:30.243417
353,Expired,16,306,5228,2025-01-25 18:36:21.201751,2025-02-01 18:36:21.201751
354,Expired,4,495,2400,2024-09-01 17:12:24.277928,2024-09-08 17:12:24.277928
355,Fulfilled,22,500,3146,2024-10-05 16:06:43.011998,2024-10-12 16:06:43.011998
356,Expired,15,206,6020,2024-07-21 05:52:09.847098,2024-07-28 05:52:09.847098
357,Expired,23,84,4231,2024-10-21 19:01:43.941771,2024-10-28 19:01:43.941771
358,Cancelled,19,198,531,2025-01-07 16:30:39.392186,2025-01-14 16:30:39.392186
359,Expired,6,473,120,2025-02-22 17:43:11.157024,2025-03-01 17:43:11.157024
360,Expired,23,444,3245,2025-04-30 22:07:14.828650,2025-05-07 22:07:14.828650
361,Expired,7,37,5694,2025-04-10 09:53:25.903557,2025-04-17 09:53:25.903557
362,Expired,21,297,2073,2024-11-22 02:59:25.117797,2024-11-29 02:59:25.117797
363,Expired,24,326,2479,2024-11-30 08:58:54.434944,2024-12-07 08:58:54.434944
364,Fulfilled,17,473,4989,2025-01-05 11:25:39.897210,2025-01-12 11:25:39.897210
365,Expired,28,322,2149,2024-09-07 15:31:15.676190,2024-09-14 15:31:15.676190
366,Expired,29,44,7071,2024-12-19 19:06:12.174988,2024-12-26 19:06:12.174988
367,Expired,19,339,5813,2024-11-18 12:30:29.374811,2024-11-25 12:30:29.374811
368,Expired,12,465,5043,2025-01-12 13:08:15.039900,2025-01-19 13:08:15.039900
369,Expired,27,90,2875,2025-03-03 05:02:17.684236,2025-03-10 05:02:17.684236
370,Expired,7,256,7175,2025-04-09 02:18:51.796369,2025-04-16 02:18:51.796369
371,Expired,20,51,2452,2025-06-09 14:55:18.908738,2025-06-16 14:55:18.908738
372,Expired,5,128,5889,2025-04-28 01:13:00.493108,2025-05-05 01:13:00.493108
373,Expired,24,412,2279,2025-03-09 07:08:09.138205,2025-03-16 07:08:09.138205
374,Expired,15,236,7148,2024-08-13 13:58:50.746290,2024-08-20 13:58:50.746290
375,Fulfilled,11,46,6475,2024-09-24 01:26:02.119177,2024-10-01 01:26:02.119177
376,Expired,22,168,4881,2025-01-02 06:04:01.256734,2025-01-09 06:04:01.256734
377,Expired,27,494,6018,2025-05-27 03:33:02.138653,2025-06-03 03:33:02.138653
378,Expired,17,10,4754,2024-11-16 17:39:45.605985,2024-11-23 17:39:45.605985
379,Expired,16,182,1062,2024-10-24 09:44:37.471933,2024-10-31 09:44:37.471933
380,Expired,20,376,6525,2025-03-22 14:44:42.091389,2025-03-29 14:44:42.091389
381,Active,9,83,5929,2025-06-27 21:07:30.209209,2025-07-04 21:07:30.209209
382,Expired,6,424,703,2025-05-21 10:09:10.204419,2025-05-28 10:09:10.204419
383,Expired,26,495,7787,2025-05-22 08:45:18.352206,2025-05-29 08:45:18.352206
384,Expired,6,204,395,2024-09-25 06:23:10.463545,2024-10-02 06:23:10.463545
385,Expired,12,301,4990,2025-06-19 18:15:14.620992,2025-06-26 18:15:14.620992
386,Expired,6,258,6446,2024-09-30 02:09:00.058274,2024-10-07 02:09:00.058274
387,Expired,23,14,7041,2024-07-09 23:21:23.579789,2024-07-16 23:21:23.579789
388,Fulfilled,9,92,1257,2024-11-18 16:29:04.221983,2024-11-25 16:29:04.221983
389,Expired,15,46,73,2025-02-19 09:55:29.516902,2025-02-26 09:55:29.516902
390,Fulfilled,27,100,1799,2024-09-07 16:58:14.680235,2024-09-14 16:58:14.680235
391,Expired,21,121,5186,2024-09-03 19:23:45.547932,2024-09-10 19:23:45.547932
392,Fulfilled,29,265,6480,2025-01-28 13:55:00.947779,2025-02-04 13:55:00.947779
393,Expired,2,471,4206,2025-02-07 15:20:03.744605,2025-02-14 15:20:03.744605
394,Expired,18,277,2115,2024-07-08 20:24:51.966941,2024-07-15 20:24:51.966941
395,Fulfilled,14,43,197,2025-06-08 15:49:58.979462,2025-06-15 15:49:58.979462
396,Fulfilled,14,212,7421,2024-06-29 10:24:23.550872,2024-07-06 10:24:23.550872
397,Fulfilled,24,46,807,2024-09-19 20:33:30.869529,2024-09-26 20:33:30.869529
398,Expired,27,160,1005,2024-09-30 00:27:35.140316,2024-10-07 00:27:35.140316
399,Expired,8,120,2792,2025-02-05 07:55:16.882176,2025-02-12 07:55:16.882176
400,Expired,23,43,3537,2024-11-02 07:45:00.758613,2024-11-09 07:45:00.758613
401,Fulfilled,6,201,253,2025-06-21 00:12:53.564153,2025-06-28 00:12:53.564153
402,Expired,4,56,491,2024-09-01 03:37:19.280673,2024-09-08 03:37:19.280673
403,Cancelled,12,191,1503,2025-01-24 01:58:57.278616,2025-01-31 01:58:57.278616
404,Expired,19,74,1986,2025-05-21 16:45:30.048207,2025-05-28 16:45:30.048207
405,Fulfilled,11,315,1859,2025-01-20 22:52:10.334697,2025-01-27 22:52:10.334697
406,Expired,2,137,1629,2024-07-27 07:46:41.180303,2024-08-03 07:46:41.180303
407,Expired,13,160,6317,2025-02-18 12:23:47.456189,2025-02-25 12:23:47.456189
408,Expired,21,318,2991,2025-05-13 04:10:52.595021,2025-05-20 04:10:52.595021
409,Fulfilled,10,30,3071,2025-01-04 07:19:18.995748,2025-01-11 07:19:18.995748
410,Expired,3,212,7155,2024-11-14 08:39:19.589358,2024-11-21 08:39:19.589358
411,Expired,27,286,1102,2024-09-29 07:05:18.793981,2024-10-06 07:05:18.793981
412,Expired,10,100,6213,2024-08-10 01:44:20.410008,2024-08-17 01:44:20.410008
413,Expired,16,403,950,2025-01-28 18:09:27.255805,2025-02-04 18:09:27.255805
414,Fulfilled,24,147,3132,2025-03-04 10:32:45.903592,2025-03-11 10:32:45.903592
415,Expired,1,64,6813,2025-02-26 21:13:48.939912,2025-03-05 21:13:48.939912
416,Expired,4,315,1660,2025-01-15 13:25:23.006029,2025-01-22 13:25:23.006029
417,Expired,23,301,5196,2024-11-15 14:09:08.115860,2024-11-22 14:09:08.115860
418,Expired,4,454,1278,2025-05-26 05:33:07.384460,2025-06-02 05:33:07.384460
419,Expired,15,84,7047,2025-06-12 20:52:12.485474,2025-06-19 20:52:12.485474
420,Expired,8,368,4293,2025-02-13 05:33:48.235231,2025-02-20 05:33:48.235231
421,Expired,17,430,1919,2025-01-15 23:18:29.538062,2025-01-22 23:18:29.538062
422,Expired,30,398,6940,2025-03-27 04:42:09.139131,2025-04-03 04:42:09.139131
423,Expired,17,61,421,2025-04-01 23:45:33.101597,2025-04-08 23:45:33.101597
424,Fulfilled,27,429,7326,2025-05-25 00:13:32.258316,2025-06-01 00:13:32.258316
425,Fulfilled,5,277,3794,2024-10-20 03:49:10.071108,2024-10-27 03:49:10.071108
426,Fulfilled,3,38,6170,2025-03-09 00:03:34.722288,2025-03-16 00:03:34.722288
427,Expired,9,378,7921,2024-12-25 22:30:36.084881,2025-01-01 22:30:36.084881
428,Expired,23,391,5460,2024-08-20 02:21:03.260138,2024-08-27 02:21:03.260138
429,Expired,5,325,2685,2025-02-06 01:26:01.427254,2025-02-13 01:26:01.427254
430,Expired,17,182,3799,2025-04-26 13:01:54.996105,2025-05-03 13:01:54.996105
431,Expired,11,336,6224,2024-10-29 15:26:00.975680,2024-11-05 15:26:00.975680
432,Expired,2,416,3825,2024-06-30 19:04:43.156214,2024-07-07 19:04:43.156214
433,Cancelled,2,112,1564,2024-08-03 08:15:07.542280,2024-08-10 08:15:07.542280
434,Expired,8,48,2483,2025-03-05 15:50:41.204819,2025-03-12 15:50:41.204819
435,Expired,30,91,4506,2025-02-04 21:54:10.629231,2025-02-11 21:54:10.629231
436,Expired,14,176,4008,2024-12-18 11:59:13.307451,2024-12-25 11:59:13.307451
437,Expired,23,104,7330,2025-01-15 10:22:04.605384,2025-01-22 10:22:04.605384
438,Fulfilled,24,132,6132,2025-03-22 14:14:15.346602,2025-03-29 14:14:15.346602
439,Expired,3,151,7654,2025-05-29 01:20:46.728560,2025-06-05 01:20:46.728560
440,Fulfilled,14,352,1891,2024-12-21 11:45:24.692512,2024-12-28 11:45:24.692512
441,Expired,10,31,3052,2025-01-21 09:03:28.705901,2025-01-28 09:03:28.705901
442,Fulfilled,20,487,4284,2024-12-29 21:21:52.968019,2025-01-05 21:21:52.968019
443,Expired,13,17,597,2025-01-05 15:04:36.986578,2025-01-12 15:04:36.986578
444,Expired,15,198,2550,2025-05-01 17:59:33.909753,2025-05-08 17:59:33.909753
445,Fulfilled,19,21,5240,2025-05-02 07:55:32.540113,2025-05-09 07:55:32.540113
446,Expired,14,145,6852,2024-08-19 05:02:31.889674,2024-08-26 05:02:31.889674
447,Expired,15,115,5699,2024-11-04 14:48:14.227623,2024-11-11 14:48:14.227623
448,Fulfilled,8,62,174,2024-10-26 18:28:48.296885,2024-11-02 18:28:48.296885
449,Expired,3,39,1342,2025-03-13 23:36:29.944190,2025-03-20 23:36:29.944190
450,Expired,17,428,6677,2024-10-01 05:34:46.660605,2024-10-08 05:34:46.660605
451,Expired,8,12,1182,2025-02-04 19:38:20.263902,2025-02-11 19:38:20.263902
452,Expired,2,203,6293,2025-04-14 19:04:57.637192,2025-04-21 19:04:57.637192
453,Expired,3,209,2512,2025-06-10 18:14:35.606661,2025-06-17 18:14:35.606661
454,Expired,18,188,4669,2025-02-15 02:48:36.357390,2025-02-22 02:48:36.357390
455,Expired,3,141,7245,2024-08-21 23:04:30.434778,2024-08-28 23:04:30.434778
456,Expired,26,162,2390,2024-10-20 17:03:50.805285,2024-10-27 17:03:50.805285
457,Fulfilled,6,490,5685,2025-04-17 15:36:26.582484,2025-04-24 15:36:26.582484
458,Expired,4,215,2951,2024-10-24 18:05:30.463173,2024-10-31 18:05:30.463173
459,Fulfilled,17,418,511,2024-12-07 22:40:54.050737,2024-12-14 22:40:54.050737
460,Expired,1,22,648,2025-06-15 11:07:57.884200,2025-06-22 11:07:57.884200
461,Expired,19,144,3077,2024-09-08 11:07:38.376034,2024-09-15 11:07:38.376034
462,Expired,24,355,5364,2025-02-09 19:57:49.503285,2025-02-16 19:57:49.503285
463,Expired,23,236,3698,2025-05-26 11:00:36.399587,2025-06-02 11:00:36.399587
464,Expired,15,461,4345,2024-09-04 04:56:49.027022,2024-09-11 04:56:49.027022
465,Fulfilled,18,387,4693,2024-06-29 14:53:36.295097,2024-07-06 14:53:36.295097
466,Fulfilled,28,420,4702,2025-01-08 01:21:26.583989,2025-01-15 01:21:26.583989
467,Fulfilled,15,24,3402,2024-10-06 10:17:07.778145,2024-10-13 10:17:07.778145
468,Expired,5,480,6802,2025-04-26 16:58:58.800611,2025-05-03 16:58:58.800611
469,Fulfilled,8,478,945,2025-04-01 08:31:21.031985,2025-04-08 08:31:21.031985
470,Expired,11,486,5616,2025-03-22 19:23:21.495147,2025-03-29 19:23:21.495147
471,Expired,6,347,50,2025-03-21 11:41:13.931127,2025-03-28 11:41:13.931127
472,Expired,18,116,4938,2025-06-06 14:00:50.820032,2025-06-13 14:00:50.820032
473,Fulfilled,15,55,2318,2024-10-16 01:12:33.314044,2024-10-23 01:12:33.314044
474,Fulfilled,25,441,2442,2024-09-30 07:35:36.095347,2024-10-07 07:35:36.095347
475,Expired,15,295,6068,2024-08-22 22:09:31.033732,2024-08-29 22:09:31.033732
476,Expired,7,122,3486,2024-07-14 20:58:00.882209,2024-07-21 20:58:00.882209
477,Expired,16,415,1918,2025-03-30 16:10:25.344506,2025-04-06 16:10:25.344506
478,Fulfilled,8,186,2375,2024-10-23 20:01:00.104169,2024-10-30 20:01:00.104169
479,Expired,13,279,4000,2024-11-22 22:45:14.577519,2024-11-29 22:45:14.577519
480,Fulfilled,3,70,5872,2025-02-24 16:15:24.278362,2025-03-03 16:15:24.278362
481,Expired,21,427,7698,2024-11-17 23:50:45.760976,2024-11-24 23:50:45.760976
482,Fulfilled,15,122,6920,2024-10-18 16:55:20.635560,2024-10-25 16:55:20.635560
483,Fulfilled,22,300,6426,2024-10-27 04:04:33.185854,2024-11-03 04:04:33.185854
484,Expired,23,468,6681,2024-07-10 00:45:09.078009,2024-07-17 00:45:09.078009
485,Expired,28,38,6654,2024-08-22 04:55:55.227847,2024-08-29 04:55:55.227847
486,Expired,1,84,4427,2025-01-22 15:42:21.985609,2025-01-29 15:42:21.985609
487,Expired,28,367,4561,2025-03-06 19:12:52.149951,2025-03-13 19:12:52.149951
488,Expired,19,415,3858,2024-08-06 10:44:00.288719,2024-08-13 10:44:00.288719
489,Expired,15,94,3832,2024-11-01 20:46:34.017183,2024-11-08 20:46:34.017183
490,Expired,14,375,6101,2024-12-17 13:08:25.851437,2024-12-24 13:08:25.851437
491,Expired,11,263,3785,2025-06-20 14:52:47.746009,2025-06-27 14:52:47.746009
492,Expired,11,222,577,2024-08-20 03:29:35.306885,2024-08-27 03:29:35.306885
493,Expired,29,498,3903,2025-02-23 22:46:40.687426,2025-03-02 22:46:40.687426
494,Active,30,329,1654,2025-06-26 21:54:10.413625,2025-07-03 21:54:10.413625
495,Expired,13,82,3635,2025-03-31 07:44:51.223761,2025-04-07 07:44:51.223761
496,Fulfilled,18,260,4505,2024-08-31 07:45:01.235730,2024-09-07 07:45:01.235730
497,Expired,5,296,4588,2024-07-15 02:21:37.133681,2024-07-22 02:21:37.133681
498,Expired,7,27,1986,2024-07-27 04:13:58.741467,2024-08-03 04:13:58.741467
499,Expired,2,3,3024,2025-03-12 19:16:38.455004,2025-03-19 19:16:38.455004
500,Expired,1,60,7265,2025-05-25 11:43:09.929534,2025-06-01 11:43:09.929534
501,Fulfilled,1,86,179,2024-07-05 12:53:45.011207,2024-07-12 12:53:45.011207
502,Expired,14,350,854,2024-07-10 12:53:45.056403,2024-07-17 12:53:45.056403
503,Expired,20,50,7126,2025-06-10 20:36:02.721197,2025-06-17 20:36:02.721197
504,Fulfilled,18,483,7805,2025-05-11 14:39:11.124186,2025-05-18 14:39:11.124186
505,Expired,22,154,5731,2024-06-30 00:55:10.394310,2024-07-07 00:55:10.394310
506,Expired,10,358,5006,2024-11-02 12:11:54.410538,2024-11-09 12:11:54.410538
507,Fulfilled,16,129,903,2025-06-12 01:34:08.791502,2025-06-19 01:34:08.791502
508,Fulfilled,5,249,4193,2025-01-31 03:53:32.382490,2025-02-07 03:53:32.382490
509,Expired,24,154,4789,2025-04-04 23:39:56.229098,2025-04-11 23:39:56.229098
510,Expired,30,116,7678,2025-01-31 09:12:29.025433,2025-02-07 09:12:29.025433
511,Expired,25,85,1514,2025-04-06 06:47:03.293168,2025-04-13 06:47:03.293168
512,Expired,10,244,5399,2025-04-13 13:00:12.034850,2025-04-20 13:00:12.034850
513,Expired,14,56,1769,2025-04-24 06:13:33.416867,2025-05-01 06:13:33.416867
514,Expired,29,61,2198,2024-09-23 23:48:28.860059,2024-09-30 23:48:28.860059
515,Cancelled,24,444,1633,2025-03-10 00:24:46.248603,2025-03-17 00:24:46.248603
516,Expired,2,389,5888,2024-11-15 16:54:53.505170,2024-11-22 16:54:53.505170
517,Expired,12,147,2891,2024-08-09 08:53:33.633073,2024-08-16 08:53:33.633073
518,Fulfilled,4,5,3736,2024-08-06 17:09:11.981181,2024-08-13 17:09:11.981181
519,Expired,4,41,2626,2025-01-17 20:56:56.280780,2025-01-24 20:56:56.280780
520,Cancelled,11,211,6380,2025-04-28 19:18:38.775546,2025-05-05 19:18:38.775546
521,Expired,24,465,6109,2025-05-28 07:19:39.197860,2025-06-04 07:19:39.197860
522,Fulfilled,10,299,3920,2025-06-18 07:47:51.778494,2025-06-25 07:47:51.778494
523,Expired,23,107,2050,2025-02-09 18:41:32.716760,2025-02-16 18:41:32.716760
524,Expired,28,124,3322,2025-05-03 10:02:36.158682,2025-05-10 10:02:36.158682
525,Cancelled,9,255,3463,2025-05-31 07:18:00.477028,2025-06-07 07:18:00.477028
526,Fulfilled,2,441,6497,2024-10-05 20:11:41.081049,2024-10-12 20:11:41.081049
527,Expired,26,100,2394,2024-09-25 11:00:54.125080,2024-10-02 11:00:54.125080
528,Fulfilled,4,135,1538,2024-07-07 19:23:23.500948,2024-07-14 19:23:23.500948
529,Expired,29,199,7847,2024-08-22 07:50:31.736142,2024-08-29 07:50:31.736142
530,Fulfilled,16,441,859,2024-09-22 05:18:42.362318,2024-09-29 05:18:42.362318
531,Expired,26,248,4849,2024-09-05 18:48:30.348044,2024-09-12 18:48:30.348044
532,Expired,19,434,7460,2024-07-13 23:19:01.017848,2024-07-20 23:19:01.017848
533,Fulfilled,14,210,4978,2025-05-22 09:57:44.085267,2025-05-29 09:57:44.085267
534,Expired,5,232,2138,2025-06-11 15:57:24.917830,2025-06-18 15:57:24.917830
535,Expired,8,242,6509,2024-07-12 03:29:35.077749,2024-07-19 03:29:35.077749
536,Expired,12,148,1973,2025-06-16 17:58:16.366951,2025-06-23 17:58:16.366951
537,Expired,25,246,4859,2025-02-03 20:54:33.776747,2025-02-10 20:54:33.776747
538,Expired,13,7,5979,2024-12-21 10:27:06.345267,2024-12-28 10:27:06.345267
539,Expired,19,491,1625,2025-01-30 06:25:41.734280,2025-02-06 06:25:41.734280
540,Fulfilled,7,321,7418,2024-09-28 02:32:39.640478,2024-10-05 02:32:39.640478
541,Expired,21,220,442,2024-11-25 16:13:35.845358,2024-12-02 16:13:35.845358
542,Expired,3,16,3609,2025-04-12 05:23:20.721275,2025-04-19 05:23:20.721275
543,Fulfilled,26,467,6767,2025-04-06 17:52:03.557394,2025-04-13 17:52:03.557394
544,Cancelled,23,113,2430,2025-05-05 02:58:26.280600,2025-05-12 02:58:26.280600
545,Fulfilled,23,101,561,2025-02-01 21:50:48.673569,2025-02-08 21:50:48.673569
546,Expired,5,79,5219,2024-10-30 15:40:57.689630,2024-11-06 15:40:57.689630
547,Expired,24,473,3494,2024-11-24 22:22:25.551381,2024-12-01 22:22:25.551381
548,Expired,7,104,2722,2025-01-07 20:35:01.153896,2025-01-14 20:35:01.153896
549,Fulfilled,2,306,5359,2024-12-17 08:20:57.513680,2024-12-24 08:20:57.513680
550,Expired,13,323,4834,2024-07-18 12:17:45.126734,2024-07-25 12:17:45.126734
551,Expired,23,153,811,2024-08-05 01:37:47.772656,2024-08-12 01:37:47.772656
552,Fulfilled,18,105,3927,2025-01-09 17:21:01.333812,2025-01-16 17:21:01.333812
553,Expired,16,482,2596,2024-07-25 09:22:20.356831,2024-08-01 09:22:20.356831
554,Fulfilled,20,50,109,2024-12-01 23:57:22.151584,2024-12-08 23:57:22.151584
555,Fulfilled,13,463,16,2024-07-14 10:31:19.715515,2024-07-21 10:31:19.715515
556,Cancelled,9,249,4569,2024-12-27 11:16:59.769295,2025-01-03 11:16:59.769295
557,Expired,22,450,5409,2025-04-16 01:56:27.920839,2025-04-23 01:56:27.920839
558,Cancelled,26,351,1651,2025-06-17 09:50:53.442995,2025-06-24 09:50:53.442995
559,Fulfilled,19,241,4024,2025-02-22 07:16:57.511453,2025-03-01 07:16:57.511453
560,Expired,26,304,1135,2024-07-28 13:01:52.212542,2024-08-04 13:01:52.212542
561,Expired,3,361,3200,2024-10-14 20:18:22.195867,2024-10-21 20:18:22.195867
562,Fulfilled,10,27,3833,2024-08-23 14:16:36.288534,2024-08-30 14:16:36.288534
563,Expired,26,356,2548,2024-10-14 02:08:57.205485,2024-10-21 02:08:57.205485
564,Cancelled,19,96,3065,2024-11-03 17:12:07.088928,2024-11-10 17:12:07.088928
565,Fulfilled,20,489,5911,2024-10-29 21:07:45.921062,2024-11-05 21:07:45.921062
566,Fulfilled,14,473,1764,2024-08-28 14:05:42.442404,2024-09-04 14:05:42.442404
567,Fulfilled,5,214,562,2025-05-24 20:49:17.501162,2025-05-31 20:49:17.501162
568,Fulfilled,1,340,1512,2025-04-21 14:42:25.335660,2025-04-28 14:42:25.335660
569,Expired,25,442,1468,2024-10-05 19:19:14.933046,2024-10-12 19:19:14.933046
570,Fulfilled,30,44,272,2025-01-21 09:48:24.177060,2025-01-28 09:48:24.177060
571,Fulfilled,19,95,1002,2024-09-30 05:58:39.590727,2024-10-07 05:58:39.590727
572,Expired,11,264,5985,2025-05-23 05:56:30.020442,2025-05-30 05:56:30.020442
573,Expired,16,346,4919,2024-12-05 19:37:21.617786,2024-12-12 19:37:21.617786
574,Fulfilled,3,446,1139,2024-07-08 09:54:38.981272,2024-07-15 09:54:38.981272
575,Cancelled,10,284,1553,2025-02-04 15:59:03.540646,2025-02-11 15:59:03.540646
576,Expired,1,499,7493,2024-07-24 12:23:49.408941,2024-07-31 12:23:49.408941
577,Expired,14,489,1831,2025-02-23 16:09:38.939071,2025-03-02 16:09:38.939071
578,Expired,6,247,6387,2025-01-20 10:37:53.393175,2025-01-27 10:37:53.393175
579,Fulfilled,27,44,5316,2025-02-04 05:22:03.654568,2025-02-11 05:22:03.654568
580,Fulfilled,3,497,1798,2025-05-28 11:28:13.965455,2025-06-04 11:28:13.965455
581,Expired,8,91,2050,2025-03-03 16:50:53.837171,2025-03-10 16:50:53.837171
582,Expired,14,36,7862,2024-12-03 22:32:37.698791,2024-12-10 22:32:37.698791
583,Expired,25,274,4901,2025-05-15 13:28:17.437726,2025-05-22 13:28:17.437726
584,Fulfilled,27,407,127,2024-09-09 00:49:11.769050,2024-09-16 00:49:11.769050
585,Active,16,366,6428,2025-06-23 21:23:02.036890,2025-06-30 21:23:02.036890
586,Expired,20,259,3688,2024-12-04 00:31:15.412692,2024-12-11 00:31:15.412692
587,Fulfilled,8,265,358,2025-03-20 11:34:18.270761,2025-03-27 11:34:18.270761
588,Fulfilled,13,286,153,2025-01-27 23:40:15.870359,2025-02-03 23:40:15.870359
589,Cancelled,17,423,6109,2025-01-23 15:43:17.763199,2025-01-30 15:43:17.763199
590,Expired,25,361,1065,2025-04-26 20:24:51.340014,2025-05-03 20:24:51.340014
591,Expired,23,17,2765,2025-01-05 04:46:31.275893,2025-01-12 04:46:31.275893
592,Expired,18,226,5425,2025-05-30 03:07:00.943842,2025-06-06 03:07:00.943842
593,Expired,9,50,4175,2024-08-26 16:08:41.988453,2024-09-02 16:08:41.988453
594,Expired,26,23,711,2024-12-15 11:59:20.154385,2024-12-22 11:59:20.154385
595,Expired,3,334,7338,2024-09-27 14:49:19.332210,2024-10-04 14:49:19.332210
596,Fulfilled,15,196,6553,2025-02-25 22:02:06.593576,2025-03-04 22:02:06.593576
597,Expired,28,308,6704,2025-03-23 20:41:23.595739,2025-03-30 20:41:23.595739
598,Expired,28,404,4603,2024-08-21 08:49:54.116977,2024-08-28 08:49:54.116977
599,Expired,8,152,6940,2025-05-08 18:10:45.829444,2025-05-15 18:10:45.829444
600,Expired,18,276,7513,2024-12-11 23:49:59.680860,2024-12-18 23:49:59.680860
601,Fulfilled,28,351,140,2025-01-19 19:36:20.363715,2025-01-26 19:36:20.363715
602,Expired,2,247,5982,2025-06-05 00:19:54.244025,2025-06-12 00:19:54.244025
603,Expired,26,72,2408,2024-07-29 08:14:47.732879,2024-08-05 08:14:47.732879
604,Expired,28,409,2188,2024-11-15 01:17:57.538292,2024-11-22 01:17:57.538292
605,Expired,20,488,3845,2024-10-23 01:01:00.076140,2024-10-30 01:01:00.076140
606,Expired,30,101,1380,2024-06-29 07:49:37.932417,2024-07-06 07:49:37.932417
607,Expired,15,26,5558,2024-08-07 13:27:38.491484,2024-08-14 13:27:38.491484
608,Fulfilled,4,297,4163,2025-03-29 11:41:09.636383,2025-04-05 11:41:09.636383
609,Expired,27,10,7127,2025-01-02 21:35:05.991608,2025-01-09 21:35:05.991608
610,Expired,26,270,6561,2025-02-15 02:25:53.023960,2025-02-22 02:25:53.023960
611,Expired,18,64,5473,2025-05-18 21:35:49.984336,2025-05-25 21:35:49.984336
612,Expired,27,394,3380,2024-07-13 12:42:42.607923,2024-07-20 12:42:42.607923
613,Active,13,16,4360,2025-06-27 09:04:20.017812,2025-07-04 09:04:20.017812
614,Expired,3,230,2855,2024-10-08 19:14:15.503216,2024-10-15 19:14:15.503216
615,Expired,9,239,4142,2025-03-25 13:03:31.889499,2025-04-01 13:03:31.889499
616,Expired,12,19,6590,2024-09-11 13:31:58.267484,2024-09-18 13:31:58.267484
617,Expired,14,171,4116,2024-11-30 05:30:46.655288,2024-12-07 05:30:46.655288
618,Fulfilled,17,194,1830,2025-03-09 01:42:03.330174,2025-03-16 01:42:03.330174
619,Expired,13,105,5255,2025-01-07 14:11:51.530161,2025-01-14 14:11:51.530161
620,Fulfilled,29,473,666,2025-06-02 14:29:24.219460,2025-06-09 14:29:24.219460
621,Expired,10,387,93,2025-04-14 11:09:32.604198,2025-04-21 11:09:32.604198
622,Fulfilled,22,291,2574,2025-06-09 14:04:30.895850,2025-06-16 14:04:30.895850
623,Expired,20,282,2548,2025-05-06 07:22:46.675329,2025-05-13 07:22:46.675329
624,Expired,3,221,6709,2025-02-06 02:17:57.104106,2025-02-13 02:17:57.104106
625,Expired,6,98,509,2024-08-05 04:44:41.866366,2024-08-12 04:44:41.866366
626,Expired,27,236,2496,2025-01-01 20:54:45.449898,2025-01-08 20:54:45.449898
627,Expired,10,423,6144,2024-07-08 07:38:04.269532,2024-07-15 07:38:04.269532
628,Expired,14,255,5481,2024-08-17 07:50:02.488716,2024-08-24 07:50:02.488716
629,Expired,24,81,7454,2024-12-29 03:21:45.942415,2025-01-05 03:21:45.942415
630,Expired,10,213,2418,2024-08-06 20:44:12.051954,2024-08-13 20:44:12.051954
631,Fulfilled,22,91,5827,2024-12-07 06:14:54.577568,2024-12-14 06:14:54.577568
632,Fulfilled,8,363,4459,2025-03-16 23:42:24.208682,2025-03-23 23:42:24.208682
633,Expired,20,415,5478,2024-11-23 23:53:43.126716,2024-11-30 23:53:43.126716
634,Expired,20,450,7504,2024-11-12 03:58:21.951115,2024-11-19 03:58:21.951115
635,Expired,19,418,2054,2025-01-01 19:35:18.325865,2025-01-08 19:35:18.325865
636,Fulfilled,8,50,6686,2025-02-01 12:52:10.528663,2025-02-08 12:52:10.528663
637,Expired,18,462,4721,2025-04-11 09:19:02.859015,2025-04-18 09:19:02.859015
638,Expired,15,185,2562,2025-06-15 13:22:06.663153,2025-06-22 13:22:06.663153
639,Expired,8,23,3379,2025-01-29 19:48:34.286467,2025-02-05 19:48:34.286467
640,Expired,14,155,5676,2024-09-14 07:20:19.818828,2024-09-21 07:20:19.818828
641,Expired,15,58,6345,2025-01-07 06:03:38.963968,2025-01-14 06:03:38.963968
642,Expired,27,383,7483,2024-07-07 09:02:18.078249,2024-07-14 09:02:18.078249
643,Expired,15,160,5400,2024-11-14 15:13:28.804433,2024-11-21 15:13:28.804433
644,Expired,17,87,3819,2025-05-07 02:00:21.916273,2025-05-14 02:00:21.916273
645,Expired,3,160,2508,2024-12-30 09:44:33.815219,2025-01-06 09:44:33.815219
646,Fulfilled,1,409,2626,2025-01-05 23:37:44.061946,2025-01-12 23:37:44.061946
647,Expired,5,462,5437,2025-04-01 05:48:08.525177,2025-04-08 05:48:08.525177
648,Expired,30,451,200,2024-12-19 17:48:52.114376,2024-12-26 17:48:52.114376
649,Cancelled,27,267,5299,2024-09-30 23:34:38.979041,2024-10-07 23:34:38.979041
650,Expired,9,336,5951,2025-04-28 22:51:29.776164,2025-05-05 22:51:29.776164
651,Expired,22,256,1075,2024-07-03 22:47:40.408035,2024-07-10 22:47:40.408035
652,Expired,21,239,72,2025-01-11 06:36:10.433224,2025-01-18 06:36:10.433224
653,Expired,7,25,1682,2025-01-29 15:42:49.149641,2025-02-05 15:42:49.149641
654,Expired,5,169,7707,2024-10-07 18:06:15.231172,2024-10-14 18:06:15.231172
655,Expired,21,473,5791,2025-01-01 00:35:32.915781,2025-01-08 00:35:32.915781
656,Expired,20,18,3208,2025-01-04 14:16:30.948567,2025-01-11 14:16:30.948567
657,Expired,26,326,5734,2025-02-27 09:46:54.686781,2025-03-06 09:46:54.686781
658,Expired,13,298,7138,2024-08-26 15:58:38.141056,2024-09-02 15:58:38.141056
659,Expired,26,194,2174,2024-09-17 22:31:03.441110,2024-09-24 22:31:03.441110
660,Expired,26,399,3459,2025-01-02 05:57:32.128768,2025-01-09 05:57:32.128768
661,Expired,18,366,5007,2024-07-07 11:15:43.877887,2024-07-14 11:15:43.877887
662,Fulfilled,16,30,547,2025-05-05 16:12:14.726081,2025-05-12 16:12:14.726081
663,Expired,26,128,5359,2025-02-07 22:54:12.426180,2025-02-14 22:54:12.426180
664,Fulfilled,2,220,2401,2025-02-08 00:30:46.197037,2025-02-15 00:30:46.197037
665,Expired,14,319,7047,2025-02-22 13:21:33.112900,2025-03-01 13:21:33.112900
666,Cancelled,10,405,3626,2024-11-20 06:49:33.920167,2024-11-27 06:49:33.920167
667,Expired,28,191,706,2025-05-14 20:38:20.017204,2025-05-21 20:38:20.017204
668,Expired,8,343,378,2024-07-01 03:51:08.047841,2024-07-08 03:51:08.047841
669,Cancelled,18,341,951,2025-03-14 07:37:36.469384,2025-03-21 07:37:36.469384
670,Expired,22,150,6066,2024-10-16 05:38:16.549368,2024-10-23 05:38:16.549368
671,Fulfilled,19,17,6897,2025-03-29 16:38:18.477407,2025-04-05 16:38:18.477407
672,Expired,1,438,1099,2024-11-07 22:02:08.275486,2024-11-14 22:02:08.275486
673,Expired,5,388,4120,2024-11-02 11:34:50.744633,2024-11-09 11:34:50.744633
674,Expired,16,432,5202,2025-03-26 13:22:48.477389,2025-04-02 13:22:48.477389
675,Expired,6,92,2392,2024-12-27 04:43:38.676473,2025-01-03 04:43:38.676473
676,Expired,29,57,2342,2025-05-01 19:31:50.024921,2025-05-08 19:31:50.024921
677,Expired,29,241,2070,2025-03-27 05:51:37.395067,2025-04-03 05:51:37.395067
678,Expired,9,328,7578,2024-11-04 06:46:46.269825,2024-11-11 06:46:46.269825
679,Fulfilled,3,376,2051,2024-11-08 16:19:54.142995,2024-11-15 16:19:54.142995
680,Expired,13,466,5888,2024-11-13 11:58:03.949328,2024-11-20 11:58:03.949328
681,Expired,4,354,2756,2025-03-21 05:50:01.576178,2025-03-28 05:50:01.576178
682,Fulfilled,24,449,3388,2025-02-03 05:38:41.694803,2025-02-10 05:38:41.694803
683,Fulfilled,28,119,2968,2025-05-01 17:17:50.529609,2025-05-08 17:17:50.529609
684,Expired,22,252,64,2024-07-15 12:11:13.509161,2024-07-22 12:11:13.509161
685,Expired,29,328,7496,2025-04-30 19:51:15.897973,2025-05-07 19:51:15.897973
686,Expired,7,490,3643,2025-02-10 17:06:50.495684,2025-02-17 17:06:50.495684
687,Fulfilled,5,211,2947,2024-09-27 09:28:00.403489,2024-10-04 09:28:00.403489
688,Expired,20,475,4256,2024-07-16 21:17:24.328709,2024-07-23 21:17:24.328709
689,Expired,28,154,5690,2024-10-21 15:25:29.355247,2024-10-28 15:25:29.355247
690,Expired,26,353,4049,2024-11-23 17:35:14.299011,2024-11-30 17:35:14.299011
691,Fulfilled,21,34,3848,2024-10-26 08:52:22.702994,2024-11-02 08:52:22.702994
692,Expired,16,353,6168,2025-05-11 20:09:52.461754,2025-05-18 20:09:52.461754
693,Expired,13,451,6501,2024-08-17 21:38:38.522023,2024-08-24 21:38:38.522023
694,Expired,29,418,955,2024-12-23 04:15:14.472469,2024-12-30 04:15:14.472469
695,Expired,16,109,1704,2025-05-10 01:25:17.687608,2025-05-17 01:25:17.687608
696,Fulfilled,8,157,7165,2024-12-23 13:29:26.256732,2024-12-30 13:29:26.256732
697,Fulfilled,23,471,3272,2024-12-11 06:52:59.882233,2024-12-18 06:52:59.882233
698,Expired,20,258,356,2025-06-17 23:10:18.489923,2025-06-24 23:10:18.489923
699,Expired,17,226,4313,2025-03-19 08:08:33.729286,2025-03-26 08:08:33.729286
700,Expired,11,172,3062,2024-10-02 23:02:20.303564,2024-10-09 23:02:20.303564
701,Expired,27,451,6945,2025-02-25 19:43:54.915591,2025-03-04 19:43:54.915591
702,Expired,6,369,5824,2025-03-10 07:00:26.394321,2025-03-17 07:00:26.394321
703,Expired,28,182,25,2024-12-04 13:04:25.038116,2024-12-11 13:04:25.038116
704,Expired,30,338,362,2024-07-27 13:37:51.551648,2024-08-03 13:37:51.551648
705,Expired,19,253,7753,2025-03-18 03:20:53.208640,2025-03-25 03:20:53.208640
706,Expired,24,336,2738,2024-07-29 07:51:39.284210,2024-08-05 07:51:39.284210
707,Expired,24,190,318,2024-07-10 20:57:05.317469,2024-07-17 20:57:05.317469
708,Fulfilled,11,65,5689,2024-07-24 19:18:26.562582,2024-07-31 19:18:26.562582
709,Expired,22,239,2504,2025-04-23 07:46:42.169281,2025-04-30 07:46:42.169281
710,Expired,30,425,6080,2024-12-04 07:48:27.077184,2024-12-11 07:48:27.077184
711,Expired,24,298,162,2024-10-27 06:48:56.063418,2024-11-03 06:48:56.063418
712,Expired,9,165,2522,2024-11-09 18:11:35.161682,2024-11-16 18:11:35.161682
713,Expired,23,273,6769,2025-05-01 21:35:04.555036,2025-05-08 21:35:04.555036
714,Fulfilled,5,329,4271,2025-05-24 01:24:57.809038,2025-05-31 01:24:57.809038
715,Expired,13,25,864,2024-09-02 05:38:50.107308,2024-09-09 05:38:50.107308
716,Expired,4,86,2808,2025-03-19 20:19:34.879369,2025-03-26 20:19:34.879369
717,Expired,7,257,6049,2024-12-05 14:05:22.642772,2024-12-12 14:05:22.642772
718,Expired,23,362,4456,2024-09-26 13:38:56.199406,2024-10-03 13:38:56.199406
719,Expired,9,321,1771,2024-10-02 08:24:54.264027,2024-10-09 08:24:54.264027
720,Expired,10,415,4895,2025-06-11 03:45:31.257651,2025-06-18 03:45:31.257651
721,Fulfilled,1,295,1917,2024-09-24 03:39:21.061065,2024-10-01 03:39:21.061065
722,Fulfilled,20,427,1776,2025-03-15 02:45:15.366524,2025-03-22 02:45:15.366524
723,Expired,9,163,3062,2024-06-29 08:18:09.418783,2024-07-06 08:18:09.418783
724,Expired,8,226,3723,2025-02-24 11:37:09.592121,2025-03-03 11:37:09.592121
725,Expired,11,86,7002,2024-11-01 11:11:30.859473,2024-11-08 11:11:30.859473
726,Fulfilled,7,418,2705,2024-07-16 21:12:42.064736,2024-07-23 21:12:42.064736
727,Expired,14,407,2699,2025-05-10 19:51:30.568597,2025-05-17 19:51:30.568597
728,Expired,9,351,3716,2025-06-08 18:49:02.615495,2025-06-15 18:49:02.615495
729,Fulfilled,14,284,5080,2024-09-21 05:58:57.607369,2024-09-28 05:58:57.607369
730,Fulfilled,1,435,1420,2025-05-30 11:16:57.571035,2025-06-06 11:16:57.571035
731,Expired,4,4,7224,2025-05-21 07:36:00.005929,2025-05-28 07:36:00.005929
732,Expired,11,247,3911,2025-02-09 14:29:55.413978,2025-02-16 14:29:55.413978
733,Fulfilled,9,67,7215,2025-02-11 23:23:16.807936,2025-02-18 23:23:16.807936
734,Expired,4,199,3820,2025-05-13 21:46:05.158639,2025-05-20 21:46:05.158639
735,Expired,2,80,4085,2024-07-21 23:19:22.086282,2024-07-28 23:19:22.086282
736,Fulfilled,1,479,6460,2024-11-11 11:56:26.592348,2024-11-18 11:56:26.592348
737,Expired,21,231,5475,2024-08-12 12:56:09.645046,2024-08-19 12:56:09.645046
738,Expired,19,480,7375,2025-03-19 09:51:29.499694,2025-03-26 09:51:29.499694
739,Expired,13,393,4587,2024-08-14 19:21:10.811815,2024-08-21 19:21:10.811815
740,Fulfilled,3,137,2511,2024-12-23 15:26:23.527110,2024-12-30 15:26:23.527110
741,Fulfilled,7,43,1583,2024-12-23 20:23:01.969789,2024-12-30 20:23:01.969789
742,Fulfilled,3,245,7592,2025-04-21 07:29:13.353729,2025-04-28 07:29:13.353729
743,Expired,25,423,5624,2025-04-10 18:30:00.043920,2025-04-17 18:30:00.043920
744,Fulfilled,6,411,4392,2024-07-16 19:13:32.431792,2024-07-23 19:13:32.431792
745,Expired,25,394,6882,2024-10-15 00:29:43.625680,2024-10-22 00:29:43.625680
746,Fulfilled,27,412,2713,2025-04-21 11:42:21.352464,2025-04-28 11:42:21.352464
747,Expired,3,7,3035,2025-01-14 17:42:21.093156,2025-01-21 17:42:21.093156
748,Expired,10,320,3194,2025-04-20 09:46:12.773965,2025-04-27 09:46:12.773965
749,Expired,16,11,7077,2024-11-07 00:51:42.800331,2024-11-14 00:51:42.800331
750,Expired,29,488,3924,2025-01-23 19:37:59.557923,2025-01-30 19:37:59.557923
751,Expired,24,298,4379,2024-09-14 14:03:58.256940,2024-09-21 14:03:58.256940
752,Expired,14,400,5329,2025-01-29 12:28:44.319614,2025-02-05 12:28:44.319614
753,Expired,15,345,5050,2024-12-27 16:28:50.629099,2025-01-03 16:28:50.629099
754,Fulfilled,14,459,2177,2025-02-25 12:20:27.986050,2025-03-04 12:20:27.986050
755,Cancelled,7,163,613,2025-03-28 20:02:42.605894,2025-04-04 20:02:42.605894
756,Expired,25,405,4509,2025-05-24 17:08:31.871050,2025-05-31 17:08:31.871050
757,Expired,23,399,941,2025-06-14 18:07:16.810446,2025-06-21 18:07:16.810446
758,Expired,16,65,3558,2024-07-14 17:11:51.772816,2024-07-21 17:11:51.772816
759,Expired,20,446,4870,2025-04-27 23:20:54.590118,2025-05-04 23:20:54.590118
760,Expired,24,317,3682,2024-07-16 11:48:06.285275,2024-07-23 11:48:06.285275
761,Expired,1,4,6308,2025-06-17 23:51:22.488142,2025-06-24 23:51:22.488142
762,Expired,30,497,506,2024-07-27 15:12:36.004990,2024-08-03 15:12:36.004990
763,Fulfilled,29,366,5515,2024-07-19 13:00:07.274295,2024-07-26 13:00:07.274295
764,Expired,30,486,1145,2025-05-27 03:46:38.969645,2025-06-03 03:46:38.969645
765,Fulfilled,15,390,4968,2024-08-11 09:40:10.449086,2024-08-18 09:40:10.449086
766,Expired,14,52,1166,2025-01-17 09:24:17.261052,2025-01-24 09:24:17.261052
767,Fulfilled,25,177,4077,2024-07-28 06:51:39.672680,2024-08-04 06:51:39.672680
768,Expired,11,380,3376,2024-11-18 21:03:18.101843,2024-11-25 21:03:18.101843
769,Expired,27,301,4179,2024-07-02 19:47:59.452236,2024-07-09 19:47:59.452236
770,Expired,14,396,5553,2025-01-07 03:33:21.029554,2025-01-14 03:33:21.029554
771,Expired,20,450,6578,2024-08-31 02:29:39.902853,2024-09-07 02:29:39.902853
772,Expired,19,173,1387,2024-11-29 15:49:23.364431,2024-12-06 15:49:23.364431
773,Expired,28,278,185,2025-06-07 15:05:01.020704,2025-06-14 15:05:01.020704
774,Expired,18,268,498,2024-08-01 19:08:45.049828,2024-08-08 19:08:45.049828
775,Expired,3,261,5838,2025-01-26 16:22:46.738192,2025-02-02 16:22:46.738192
776,Expired,10,115,6557,2024-07-11 03:44:58.838224,2024-07-18 03:44:58.838224
777,Expired,25,59,3872,2025-04-23 01:36:50.834144,2025-04-30 01:36:50.834144
778,Expired,20,456,5424,2024-10-02 13:09:53.391263,2024-10-09 13:09:53.391263
779,Expired,6,407,2028,2025-04-15 14:45:25.559597,2025-04-22 14:45:25.559597
780,Expired,25,480,4709,2025-01-13 00:47:47.096667,2025-01-20 00:47:47.096667
781,Expired,21,458,7542,2025-01-16 06:05:32.610764,2025-01-23 06:05:32.610764
782,Expired,21,40,2891,2025-03-27 19:53:53.704498,2025-04-03 19:53:53.704498
783,Expired,28,30,7574,2024-09-30 07:03:08.202104,2024-10-07 07:03:08.202104
784,Fulfilled,15,34,2191,2025-05-10 16:13:16.930949,2025-05-17 16:13:16.930949
785,Expired,10,40,5995,2025-02-07 15:06:39.097904,2025-02-14 15:06:39.097904
786,Expired,10,385,3417,2025-04-19 18:56:57.309950,2025-04-26 18:56:57.309950
787,Expired,8,107,2338,2024-10-23 01:13:27.684026,2024-10-30 01:13:27.684026
788,Fulfilled,5,206,4211,2025-04-27 19:30:08.326515,2025-05-04 19:30:08.326515
789,Expired,21,349,3737,2024-11-15 12:16:13.939624,2024-11-22 12:16:13.939624
790,Expired,5,39,5710,2024-08-27 12:39:32.874762,2024-09-03 12:39:32.874762
791,Active,24,319,2953,2025-06-25 06:20:51.762362,2025-07-02 06:20:51.762362
792,Fulfilled,13,223,3917,2025-03-30 16:24:48.753150,2025-04-06 16:24:48.753150
793,Expired,29,143,2908,2025-03-26 04:08:58.177296,2025-04-02 04:08:58.177296
794,Expired,24,385,2023,2024-12-16 03:52:21.954944,2024-12-23 03:52:21.954944
795,Expired,5,427,7412,2024-11-25 10:26:57.102379,2024-12-02 10:26:57.102379
796,Fulfilled,12,485,1874,2025-02-28 14:07:19.338726,2025-03-07 14:07:19.338726
797,Expired,19,412,26,2025-05-05 13:49:30.465782,2025-05-12 13:49:30.465782
798,Fulfilled,19,301,6358,2024-11-30 00:46:01.267495,2024-12-07 00:46:01.267495
799,Expired,7,120,3602,2024-10-30 05:29:34.881794,2024-11-06 05:29:34.881794
800,Fulfilled,21,317,401,2024-08-14 22:31:08.920662,2024-08-21 22:31:08.920662
801,Expired,17,151,5468,2025-03-23 15:23:37.997797,2025-03-30 15:23:37.997797
802,Fulfilled,11,50,489,2024-10-06 15:41:59.638860,2024-10-13 15:41:59.638860
803,Expired,5,150,3246,2024-11-07 23:11:23.781256,2024-11-14 23:11:23.781256
804,Expired,5,223,6043,2025-01-22 23:18:45.678131,2025-01-29 23:18:45.678131
805,Expired,23,465,5333,2024-10-15 14:43:32.418764,2024-10-22 14:43:32.418764
806,Expired,17,357,3903,2024-11-18 21:46:48.045201,2024-11-25 21:46:48.045201
807,Expired,8,404,923,2024-10-09 22:39:35.699466,2024-10-16 22:39:35.699466
808,Expired,8,52,5579,2024-12-01 01:56:51.433322,2024-12-08 01:56:51.433322
809,Expired,20,300,6650,2024-12-07 06:32:59.850807,2024-12-14 06:32:59.850807
810,Expired,25,15,4234,2024-07-12 14:45:00.704168,2024-07-19 14:45:00.704168
811,Fulfilled,4,152,621,2024-11-10 20:28:36.750909,2024-11-17 20:28:36.750909
812,Expired,12,204,675,2024-11-30 03:11:52.162924,2024-12-07 03:11:52.162924
813,Fulfilled,1,492,2060,2024-11-29 18:37:26.069084,2024-12-06 18:37:26.069084
814,Expired,20,469,6998,2025-05-16 07:55:20.686749,2025-05-23 07:55:20.686749
815,Fulfilled,5,175,1950,2024-11-17 05:39:08.212530,2024-11-24 05:39:08.212530
816,Expired,6,265,2297,2024-07-04 11:40:45.046862,2024-07-11 11:40:45.046862
817,Expired,17,260,255,2025-02-07 01:56:31.843770,2025-02-14 01:56:31.843770
818,Expired,13,237,1963,2024-11-09 14:19:11.841998,2024-11-16 14:19:11.841998
819,Expired,10,377,4716,2024-10-16 03:13:17.786602,2024-10-23 03:13:17.786602
820,Cancelled,22,459,2726,2024-08-28 21:00:35.790027,2024-09-04 21:00:35.790027
821,Fulfilled,30,389,1674,2024-08-04 23:46:05.944118,2024-08-11 23:46:05.944118
822,Expired,14,292,3363,2024-08-16 16:13:57.868161,2024-08-23 16:13:57.868161
823,Fulfilled,1,448,1959,2024-09-13 01:19:21.331625,2024-09-20 01:19:21.331625
824,Expired,12,52,6122,2024-12-07 23:48:00.799947,2024-12-14 23:48:00.799947
825,Active,21,290,6452,2025-06-25 21:41:14.497339,2025-07-02 21:41:14.497339
826,Expired,12,373,7904,2025-02-18 00:12:07.613231,2025-02-25 00:12:07.613231
827,Fulfilled,4,434,4894,2024-10-01 09:28:48.324389,2024-10-08 09:28:48.324389
828,Expired,5,363,2299,2024-09-22 19:01:22.599040,2024-09-29 19:01:22.599040
829,Expired,21,376,5227,2024-08-03 18:18:39.840897,2024-08-10 18:18:39.840897
830,Expired,28,496,4018,2024-07-15 01:45:16.971980,2024-07-22 01:45:16.971980
831,Expired,14,37,4775,2025-03-17 12:58:29.979596,2025-03-24 12:58:29.979596
832,Expired,4,107,2150,2024-07-02 16:58:58.778564,2024-07-09 16:58:58.778564
833,Expired,14,383,6865,2025-02-02 07:48:26.207988,2025-02-09 07:48:26.207988
834,Expired,4,237,785,2025-03-29 08:11:54.438740,2025-04-05 08:11:54.438740
835,Fulfilled,21,206,4718,2025-03-30 22:11:09.892338,2025-04-06 22:11:09.892338
836,Cancelled,3,432,7014,2024-10-18 15:50:39.281697,2024-10-25 15:50:39.281697
837,Expired,6,215,550,2025-05-01 00:00:09.111535,2025-05-08 00:00:09.111535
838,Fulfilled,15,113,1665,2025-03-03 09:48:18.379239,2025-03-10 09:48:18.379239
839,Expired,7,304,3963,2024-09-08 20:43:20.903194,2024-09-15 20:43:20.903194
840,Expired,14,206,2646,2024-09-21 21:43:42.163494,2024-09-28 21:43:42.163494
841,Expired,7,70,330,2024-10-15 08:03:56.371945,2024-10-22 08:03:56.371945
842,Expired,9,120,3258,2024-12-11 23:09:41.197169,2024-12-18 23:09:41.197169
843,Fulfilled,27,408,4708,2025-06-11 11:53:02.826068,2025-06-18 11:53:02.826068
844,Expired,18,143,870,2024-12-12 10:02:08.501194,2024-12-19 10:02:08.501194
845,Expired,21,19,1376,2024-08-09 20:15:16.889599,2024-08-16 20:15:16.889599
846,Expired,22,197,766,2024-11-16 04:13:16.879434,2024-11-23 04:13:16.879434
847,Fulfilled,5,321,169,2025-02-11 11:00:30.825922,2025-02-18 11:00:30.825922
848,Expired,4,276,783,2024-09-26 07:29:28.067168,2024-10-03 07:29:28.067168
849,Expired,25,278,117,2024-08-30 20:09:57.659849,2024-09-06 20:09:57.659849
850,Fulfilled,28,275,631,2025-05-08 06:26:39.836712,2025-05-15 06:26:39.836712
851,Expired,2,261,4258,2024-11-03 10:55:50.800558,2024-11-10 10:55:50.800558
852,Expired,4,394,6143,2025-04-09 06:37:25.236902,2025-04-16 06:37:25.236902
853,Expired,18,485,7021,2025-03-28 20:57:12.451596,2025-04-04 20:57:12.451596
854,Expired,17,396,3552,2024-08-14 19:02:31.124320,2024-08-21 19:02:31.124320
855,Fulfilled,29,196,581,2025-05-22 12:38:47.847002,2025-05-29 12:38:47.847002
856,Fulfilled,11,473,3306,2024-07-22 03:32:50.097319,2024-07-29 03:32:50.097319
857,Fulfilled,28,40,5339,2025-04-27 03:55:29.215259,2025-05-04 03:55:29.215259
858,Expired,4,341,6892,2025-05-16 19:06:14.322715,2025-05-23 19:06:14.322715
859,Expired,21,490,1097,2025-01-04 06:06:55.001779,2025-01-11 06:06:55.001779
860,Expired,15,358,20,2024-10-07 10:39:06.159365,2024-10-14 10:39:06.159365
861,Expired,12,280,6475,2025-04-07 04:45:39.144853,2025-04-14 04:45:39.144853
862,Cancelled,27,61,5951,2025-06-18 20:55:34.753354,2025-06-25 20:55:34.753354
863,Expired,29,383,7696,2024-09-20 14:34:54.926198,2024-09-27 14:34:54.926198
864,Fulfilled,28,114,2914,2024-10-25 08:42:40.927607,2024-11-01 08:42:40.927607
865,Cancelled,20,94,1635,2025-04-10 12:04:36.096107,2025-04-17 12:04:36.096107
866,Expired,22,156,5285,2024-11-20 17:01:56.763651,2024-11-27 17:01:56.763651
867,Expired,28,189,4774,2024-08-18 01:09:17.894568,2024-08-25 01:09:17.894568
868,Expired,27,251,1048,2024-08-22 00:32:20.820444,2024-08-29 00:32:20.820444
869,Fulfilled,12,355,6232,2025-02-11 20:43:47.556209,2025-02-18 20:43:47.556209
870,Fulfilled,19,56,6859,2024-08-02 09:20:41.426515,2024-08-09 09:20:41.426515
871,Fulfilled,12,118,5539,2025-03-17 22:01:36.961271,2025-03-24 22:01:36.961271
872,Fulfilled,16,147,4053,2025-06-09 05:37:37.672049,2025-06-16 05:37:37.672049
873,Expired,29,406,457,2024-10-31 20:13:07.142881,2024-11-07 20:13:07.142881
874,Expired,20,443,3237,2024-07-28 17:00:39.945385,2024-08-04 17:00:39.945385
875,Fulfilled,18,64,5054,2025-03-18 23:32:29.197466,2025-03-25 23:32:29.197466
876,Active,11,461,5040,2025-06-23 10:25:46.135558,2025-06-30 10:25:46.135558
877,Expired,10,423,6535,2025-02-17 09:22:08.247265,2025-02-24 09:22:08.247265
878,Cancelled,15,56,718,2025-01-16 17:58:24.467620,2025-01-23 17:58:24.467620
879,Fulfilled,15,32,2719,2025-03-21 16:43:13.310893,2025-03-28 16:43:13.310893
880,Expired,28,177,3228,2025-01-11 06:18:47.083600,2025-01-18 06:18:47.083600
881,Cancelled,27,473,5014,2025-05-06 02:32:34.727818,2025-05-13 02:32:34.727818
882,Fulfilled,19,424,272,2025-02-14 03:09:18.863607,2025-02-21 03:09:18.863607
883,Fulfilled,30,17,6291,2024-07-08 19:21:32.216162,2024-07-15 19:21:32.216162
884,Cancelled,3,358,4479,2025-04-02 10:24:07.239803,2025-04-09 10:24:07.239803
885,Expired,23,73,6970,2024-12-10 05:51:49.248441,2024-12-17 05:51:49.248441
886,Expired,26,78,1711,2025-04-16 04:37:55.601692,2025-04-23 04:37:55.601692
887,Expired,23,454,235,2025-04-25 15:08:03.281934,2025-05-02 15:08:03.281934
888,Fulfilled,11,25,7488,2025-05-25 00:44:51.326708,2025-06-01 00:44:51.326708
889,Fulfilled,13,314,656,2025-01-17 00:43:07.061465,2025-01-24 00:43:07.061465
890,Fulfilled,23,180,2858,2024-11-10 21:47:59.252853,2024-11-17 21:47:59.252853
891,Fulfilled,29,36,2684,2025-01-30 20:10:55.387946,2025-02-06 20:10:55.387946
892,Expired,20,364,159,2024-07-06 00:09:52.046808,2024-07-13 00:09:52.046808
893,Expired,24,416,3101,2024-12-20 21:28:45.401795,2024-12-27 21:28:45.401795
894,Expired,28,161,7554,2024-08-16 23:45:48.795420,2024-08-23 23:45:48.795420
895,Cancelled,1,74,3079,2025-03-27 02:43:11.798906,2025-04-03 02:43:11.798906
896,Expired,25,317,921,2024-11-21 10:31:16.098012,2024-11-28 10:31:16.098012
897,Cancelled,20,332,2171,2025-05-28 08:07:19.836037,2025-06-04 08:07:19.836037
898,Fulfilled,19,240,32,2025-01-11 21:17:02.622952,2025-01-18 21:17:02.622952
899,Expired,4,269,482,2024-10-19 09:14:34.268897,2024-10-26 09:14:34.268897
900,Cancelled,23,259,4223,2025-02-21 23:35:32.143133,2025-02-28 23:35:32.143133
901,Fulfilled,6,242,5130,2024-09-18 18:54:38.132948,2024-09-25 18:54:38.132948
902,Active,14,127,5340,2025-06-27 14:55:47.525844,2025-07-04 14:55:47.525844
903,Expired,6,335,431,2025-03-19 07:46:09.509206,2025-03-26 07:46:09.509206
904,Fulfilled,15,25,6173,2024-07-02 21:56:42.926939,2024-07-09 21:56:42.926939
905,Expired,25,339,3424,2025-02-08 04:19:25.730424,2025-02-15 04:19:25.730424
906,Expired,13,79,6468,2025-03-04 17:45:46.521739,2025-03-11 17:45:46.521739
907,Expired,28,447,2689,2025-04-02 16:21:38.741822,2025-04-09 16:21:38.741822
908,Expired,7,124,2633,2024-07-06 22:31:55.014009,2024-07-13 22:31:55.014009
909,Expired,8,265,7478,2025-03-14 12:26:20.228049,2025-03-21 12:26:20.228049
910,Expired,17,135,1353,2025-04-16 17:45:05.277901,2025-04-23 17:45:05.277901
911,Fulfilled,3,97,152,2024-11-25 10:11:55.085468,2024-12-02 10:11:55.085468
912,Fulfilled,10,110,5232,2025-02-03 09:50:56.258707,2025-02-10 09:50:56.258707
913,Expired,21,226,6649,2025-06-15 09:55:52.515210,2025-06-22 09:55:52.515210
914,Expired,15,492,2016,2024-10-17 08:04:08.992787,2024-10-24 08:04:08.992787
915,Expired,2,438,5331,2025-01-08 09:33:32.046988,2025-01-15 09:33:32.046988
916,Expired,23,58,5917,2025-01-10 10:14:26.301444,2025-01-17 10:14:26.301444
917,Expired,10,465,7537,2024-12-03 02:35:15.209649,2024-12-10 02:35:15.209649
918,Fulfilled,19,264,6902,2025-03-07 12:24:51.281226,2025-03-14 12:24:51.281226
919,Expired,14,187,105,2024-08-26 12:37:51.699489,2024-09-02 12:37:51.699489
920,Expired,5,256,5441,2025-04-13 15:31:30.618807,2025-04-20 15:31:30.618807
921,Expired,12,392,6762,2024-09-23 06:11:24.000781,2024-09-30 06:11:24.000781
922,Expired,20,403,4302,2024-08-10 07:06:44.729390,2024-08-17 07:06:44.729390
923,Expired,11,110,5510,2025-06-05 09:59:56.063178,2025-06-12 09:59:56.063178
924,Expired,8,79,5457,2025-03-28 08:59:40.821780,2025-04-04 08:59:40.821780
925,Fulfilled,29,498,1962,2024-12-07 19:32:33.016018,2024-12-14 19:32:33.016018
926,Fulfilled,30,431,5043,2025-03-16 21:55:28.510796,2025-03-23 21:55:28.510796
927,Cancelled,9,237,862,2025-05-28 04:32:11.149449,2025-06-04 04:32:11.149449
928,Expired,24,18,596,2024-10-09 01:35:00.352286,2024-10-16 01:35:00.352286
929,Expired,16,462,3776,2024-10-19 13:37:15.108761,2024-10-26 13:37:15.108761
930,Cancelled,24,398,4625,2025-02-09 17:28:50.989378,2025-02-16 17:28:50.989378
931,Expired,22,165,4735,2024-11-29 21:42:53.431453,2024-12-06 21:42:53.431453
932,Expired,19,173,7530,2024-12-09 23:57:10.628379,2024-12-16 23:57:10.628379
933,Expired,24,472,4455,2025-02-13 05:22:48.167674,2025-02-20 05:22:48.167674
934,Expired,2,375,496,2025-04-01 12:24:29.632258,2025-04-08 12:24:29.632258
935,Expired,25,500,4612,2024-07-19 08:49:13.814532,2024-07-26 08:49:13.814532
936,Fulfilled,25,96,2252,2025-01-14 08:09:40.740608,2025-01-21 08:09:40.740608
937,Expired,21,79,6055,2025-01-09 04:16:58.657176,2025-01-16 04:16:58.657176
938,Fulfilled,10,207,76,2024-09-27 21:48:02.129853,2024-10-04 21:48:02.129853
939,Expired,18,436,7053,2025-03-01 02:46:52.352476,2025-03-08 02:46:52.352476
940,Expired,1,480,762,2024-09-26 15:20:56.782381,2024-10-03 15:20:56.782381
941,Expired,6,464,1371,2024-10-30 06:45:55.384265,2024-11-06 06:45:55.384265
942,Expired,13,431,5508,2025-01-10 20:59:45.482406,2025-01-17 20:59:45.482406
943,Expired,23,108,66,2024-07-29 12:15:48.851576,2024-08-05 12:15:48.851576
944,Expired,16,215,763,2024-08-10 12:38:54.742382,2024-08-17 12:38:54.742382
945,Expired,13,371,3371,2024-07-12 12:08:40.575697,2024-07-19 12:08:40.575697
946,Expired,19,452,4009,2024-09-06 18:51:12.680088,2024-09-13 18:51:12.680088
947,Expired,7,306,5857,2025-05-08 13:25:58.288361,2025-05-15 13:25:58.288361
948,Active,16,117,1745,2025-06-27 03:53:42.243218,2025-07-04 03:53:42.243218
949,Expired,26,137,3452,2024-12-15 12:56:59.020872,2024-12-22 12:56:59.020872
950,Expired,18,174,1708,2024-12-05 13:37:29.223628,2024-12-12 13:37:29.223628
951,Cancelled,25,207,6147,2024-12-25 13:38:12.265966,2025-01-01 13:38:12.265966
952,Fulfilled,19,261,6007,2025-04-02 09:59:46.060217,2025-04-09 09:59:46.060217
953,Fulfilled,13,119,527,2024-12-20 09:13:52.886964,2024-12-27 09:13:52.886964
954,Expired,1,224,6699,2025-04-20 03:45:09.152840,2025-04-27 03:45:09.152840
955,Expired,15,200,857,2024-08-11 13:16:27.173349,2024-08-18 13:16:27.173349
956,Expired,11,355,3589,2024-12-25 09:19:04.531975,2025-01-01 09:19:04.531975
957,Fulfilled,19,376,6699,2025-03-27 12:27:01.937769,2025-04-03 12:27:01.937769
958,Expired,5,378,4534,2024-08-08 02:44:46.989289,2024-08-15 02:44:46.989289
959,Expired,18,301,3094,2024-08-13 13:01:25.131159,2024-08-20 13:01:25.131159
960,Fulfilled,2,423,7475,2025-01-09 11:49:32.229945,2025-01-16 11:49:32.229945
961,Fulfilled,3,50,2637,2025-01-28 10:45:51.072848,2025-02-04 10:45:51.072848
962,Expired,26,335,4321,2025-03-17 22:45:01.917357,2025-03-24 22:45:01.917357
963,Expired,23,418,65,2025-02-05 01:13:11.203641,2025-02-12 01:13:11.203641
964,Expired,9,436,1702,2025-01-11 01:34:40.599264,2025-01-18 01:34:40.599264
965,Expired,21,227,1097,2024-11-01 09:09:30.725682,2024-11-08 09:09:30.725682
966,Expired,23,430,7485,2025-04-15 03:18:52.108592,2025-04-22 03:18:52.108592
967,Expired,27,393,3215,2025-01-02 22:27:45.477487,2025-01-09 22:27:45.477487
968,Expired,23,233,1589,2024-09-01 13:09:54.678600,2024-09-08 13:09:54.678600
969,Fulfilled,16,368,729,2025-01-23 05:07:01.920265,2025-01-30 05:07:01.920265
970,Expired,24,423,6262,2024-10-01 02:23:42.792927,2024-10-08 02:23:42.792927
971,Expired,18,183,5594,2024-08-03 10:19:38.898968,2024-08-10 10:19:38.898968
972,Expired,10,227,7524,2024-12-28 01:01:51.891800,2025-01-04 01:01:51.891800
973,Expired,6,216,3300,2024-09-25 02:01:09.704404,2024-10-02 02:01:09.704404
974,Expired,16,149,4971,2024-10-26 11:57:15.462290,2024-11-02 11:57:15.462290
975,Expired,2,177,2453,2025-01-07 16:31:53.507926,2025-01-14 16:31:53.507926
976,Expired,7,409,5241,2024-08-21 06:04:55.299843,2024-08-28 06:04:55.299843
977,Fulfilled,14,106,1041,2025-04-05 00:32:17.434374,2025-04-12 00:32:17.434374
978,Expired,10,170,7207,2025-02-21 10:17:46.075546,2025-02-28 10:17:46.075546
979,Fulfilled,13,370,2299,2024-11-07 01:50:43.037665,2024-11-14 01:50:43.037665
980,Expired,11,452,5825,2024-08-01 12:15:34.953575,2024-08-08 12:15:34.953575
981,Expired,29,402,2855,2024-10-24 21:21:58.885811,2024-10-31 21:21:58.885811
982,Expired,15,454,6697,2025-01-20 15:14:51.017630,2025-01-27 15:14:51.017630
983,Fulfilled,14,254,3915,2024-07-24 03:13:04.735443,2024-07-31 03:13:04.735443
984,Cancelled,9,438,396,2025-01-19 23:40:59.004433,2025-01-26 23:40:59.004433
985,Expired,15,277,3956,2024-12-22 18:28:40.403542,2024-12-29 18:28:40.403542
986,Expired,29,231,2242,2024-11-21 00:01:30.972132,2024-11-28 00:01:30.972132
987,Expired,8,86,7307,2025-04-09 17:40:34.820715,2025-04-16 17:40:34.820715
988,Expired,9,301,3178,2024-09-17 22:07:23.466958,2024-09-24 22:07:23.466958
989,Active,9,416,4773,2025-06-25 14:40:58.755495,2025-07-02 14:40:58.755495
990,Expired,12,55,4853,2024-11-08 14:47:08.079839,2024-11-15 14:47:08.079839
991,Expired,14,359,5055,2024-12-26 08:54:35.027725,2025-01-02 08:54:35.027725
992,Expired,30,225,6719,2025-04-30 20:42:38.294628,2025-05-07 20:42:38.294628
993,Expired,6,241,2062,2024-07-22 19:59:33.356763,2024-07-29 19:59:33.356763
994,Cancelled,24,136,7192,2024-07-05 01:34:17.812083,2024-07-12 01:34:17.812083
995,Expired,23,25,804,2025-03-25 18:14:05.128182,2025-04-01 18:14:05.128182
996,Expired,6,342,7010,2025-02-13 00:32:02.740538,2025-02-20 00:32:02.740538
997,Expired,2,195,3937,2024-11-06 10:56:58.478992,2024-11-13 10:56:58.478992
998,Fulfilled,20,498,2360,2025-02-19 23:38:38.846280,2025-02-26 23:38:38.846280
999,Fulfilled,2,108,5665,2024-09-29 02:19:32.927834,2024-10-06 02:19:32.927834
1000,Fulfilled,16,125,1432,2024-07-01 08:52:13.256626,2024-07-08 08:52:13.256626
