loan_id,status,user_id,library_id,book_id,loan_date,due_date,return_date
1,Active,100,7,1871,2025-06-21 13:35:08.815601,2025-07-05 13:35:08.815601,
2,Returned,263,18,3687,2025-05-05 09:41:14.157541,2025-05-19 09:41:14.157541,
3,Returned,464,29,3096,2025-06-20 11:05:29.451026,2025-07-04 11:05:29.451026,
4,Returned,427,29,6202,2025-06-21 17:26:44.439759,2025-07-05 17:26:44.439759,
5,Returned,419,15,3589,2025-04-04 07:11:28.167817,2025-04-18 07:11:28.167817,
6,Returned,447,22,5847,2025-06-19 02:09:09.543103,2025-07-03 02:09:09.543103,
7,Cancelled,109,10,4604,2025-06-08 00:47:43.089325,2025-06-22 00:47:43.089325,
8,Active,401,7,127,2025-04-19 16:23:04.286505,2025-05-03 16:23:04.286505,
9,Returned,458,29,6013,2025-06-04 09:12:38.787092,2025-06-18 09:12:38.787092,
10,Returned,150,15,4199,2025-05-07 23:27:24.022446,2025-05-21 23:27:24.022446,
11,Returned,5,24,976,2025-06-21 12:01:24.024945,2025-07-05 12:01:24.024945,
12,Active,437,3,5576,2025-06-24 09:02:37.416092,2025-07-08 09:02:37.416092,
13,Returned,193,1,2184,2025-06-15 14:14:28.504754,2025-06-29 14:14:28.504754,
14,Returned,21,27,6527,2025-06-19 19:34:46.066658,2025-07-03 19:34:46.066658,
15,Returned,150,22,6657,2025-04-08 21:18:24.460156,2025-04-22 21:18:24.460156,
16,Returned,48,17,7293,2025-06-17 01:36:03.297149,2025-07-01 01:36:03.297149,
17,Active,169,20,5514,2025-03-30 22:13:15.262405,2025-04-13 22:13:15.262405,
18,Returned,470,1,5043,2025-06-24 11:42:02.512780,2025-07-08 11:42:02.512780,
19,Returned,166,10,1848,2025-06-18 07:49:26.008108,2025-07-02 07:49:26.008108,
20,Returned,53,5,5705,2025-06-26 23:13:06.177255,2025-07-10 23:13:06.177255,
21,Returned,251,4,542,2025-03-06 03:59:28.842362,2025-03-20 03:59:28.842362,
22,Returned,393,6,5815,2025-06-01 09:05:24.525230,2025-06-15 09:05:24.525230,
23,Active,36,6,2736,2025-06-27 12:16:38.930894,2025-07-11 12:16:38.930894,
24,Returned,19,23,6624,2025-05-24 11:09:53.185896,2025-06-07 11:09:53.185896,
25,Returned,465,30,793,2025-06-19 21:29:22.102179,2025-07-03 21:29:22.102179,
26,Returned,23,10,2906,2025-06-12 23:34:14.658313,2025-06-26 23:34:14.658313,
27,Returned,29,3,7400,2025-06-15 08:58:56.409443,2025-06-29 08:58:56.409443,
28,Returned,117,6,3571,2025-06-23 12:44:46.344928,2025-07-07 12:44:46.344928,
29,Returned,328,14,3757,2025-05-06 02:33:23.650583,2025-05-20 02:33:23.650583,
30,Returned,187,29,3228,2025-06-18 20:04:02.195760,2025-07-02 20:04:02.195760,
31,Active,174,19,1000,2025-06-15 21:36:41.564124,2025-06-29 21:36:41.564124,
32,Returned,329,22,6167,2025-06-25 03:36:38.801037,2025-07-09 03:36:38.801037,
33,Returned,445,9,1818,2025-06-08 08:26:41.412984,2025-06-22 08:26:41.412984,
34,Returned,235,3,4872,2025-06-15 15:43:51.178596,2025-06-29 15:43:51.178596,
35,Returned,82,14,7045,2025-06-17 15:47:03.179781,2025-07-01 15:47:03.179781,
36,Active,297,9,4520,2024-11-25 05:53:19.993785,2024-12-09 05:53:19.993785,
37,Cancelled,311,26,6020,2025-06-21 03:23:26.791572,2025-07-05 03:23:26.791572,
38,Returned,200,9,7845,2024-11-21 21:56:12.621317,2024-12-05 21:56:12.621317,
39,Returned,134,7,4230,2025-06-27 14:07:10.567114,2025-07-11 14:07:10.567114,
40,Active,142,26,5053,2025-06-16 23:50:50.363492,2025-06-30 23:50:50.363492,
41,Active,109,6,7325,2025-06-23 02:23:44.088829,2025-07-07 02:23:44.088829,
42,Active,497,2,374,2025-05-03 20:07:56.646763,2025-05-17 20:07:56.646763,
43,Returned,108,27,7377,2025-04-21 14:46:39.760487,2025-05-05 14:46:39.760487,
44,Returned,344,28,5806,2025-06-18 13:38:27.208966,2025-07-02 13:38:27.208966,
45,Returned,41,27,310,2025-06-24 18:28:48.692183,2025-07-08 18:28:48.692183,
46,Active,288,28,7522,2025-06-25 09:25:13.942278,2025-07-09 09:25:13.942278,
47,Returned,44,21,7201,2025-06-26 00:49:34.806329,2025-07-10 00:49:34.806329,
48,Returned,485,1,2308,2025-06-21 20:07:10.396806,2025-07-05 20:07:10.396806,
49,Returned,357,6,218,2025-06-23 16:03:16.007866,2025-07-07 16:03:16.007866,
50,Returned,302,12,1976,2025-06-18 08:29:45.210377,2025-07-02 08:29:45.210377,
51,Active,163,24,1717,2024-12-30 00:59:32.914271,2025-01-13 00:59:32.914271,
52,Returned,458,29,7205,2025-05-18 03:55:55.631700,2025-06-01 03:55:55.631700,
53,Returned,407,19,4188,2025-06-18 23:39:51.657705,2025-07-02 23:39:51.657705,
54,Cancelled,433,10,4261,2025-06-16 04:46:09.595782,2025-06-30 04:46:09.595782,
55,Active,235,25,3769,2025-06-16 18:26:09.222963,2025-06-30 18:26:09.222963,
56,Returned,58,5,1044,2025-06-24 03:11:03.344055,2025-07-08 03:11:03.344055,
57,Active,57,2,3976,2025-03-07 07:34:29.717583,2025-03-21 07:34:29.717583,
58,Active,175,20,2469,2025-06-16 23:04:21.793792,2025-06-30 23:04:21.793792,
59,Returned,248,20,931,2025-06-26 23:21:27.361604,2025-07-10 23:21:27.361604,
60,Active,355,28,504,2025-02-07 05:17:36.133160,2025-02-21 05:17:36.133160,
61,Returned,443,10,6634,2025-03-05 14:14:00.031025,2025-03-19 14:14:00.031025,
62,Returned,261,13,7528,2025-04-24 20:57:46.460823,2025-05-08 20:57:46.460823,
63,Returned,239,4,3812,2025-06-25 09:56:22.274087,2025-07-09 09:56:22.274087,
64,Returned,382,10,7555,2025-01-16 00:15:29.760779,2025-01-30 00:15:29.760779,
65,Returned,356,26,2045,2025-06-18 06:07:52.944628,2025-07-02 06:07:52.944628,
66,Returned,34,3,4116,2025-06-22 02:39:49.120966,2025-07-06 02:39:49.120966,
67,Active,310,6,3347,2025-06-16 04:42:39.957146,2025-06-30 04:42:39.957146,
68,Returned,197,12,1003,2025-06-20 18:14:53.246042,2025-07-04 18:14:53.246042,
69,Returned,151,13,1292,2025-06-14 20:07:42.253512,2025-06-28 20:07:42.253512,
70,Returned,469,7,658,2025-03-07 19:52:20.581297,2025-03-21 19:52:20.581297,
71,Returned,62,17,2511,2025-06-25 14:17:45.537776,2025-07-09 14:17:45.537776,
72,Returned,376,13,531,2025-06-20 06:29:20.344073,2025-07-04 06:29:20.344073,
73,Returned,122,17,61,2025-06-21 06:12:07.722554,2025-07-05 06:12:07.722554,
74,Returned,307,8,1778,2024-10-16 17:21:01.425294,2024-10-30 17:21:01.425294,
75,Returned,233,11,1363,2025-06-10 16:35:40.171540,2025-06-24 16:35:40.171540,
76,Active,17,13,3492,2025-06-20 09:20:34.377151,2025-07-04 09:20:34.377151,
77,Active,6,24,5946,2025-06-24 10:15:03.147911,2025-07-08 10:15:03.147911,
78,Cancelled,463,24,249,2024-12-19 17:45:14.861730,2025-01-02 17:45:14.861730,
79,Active,46,14,897,2025-06-19 23:19:01.232105,2025-07-03 23:19:01.232105,
80,Returned,405,14,1350,2025-06-18 07:07:50.010316,2025-07-02 07:07:50.010316,
81,Returned,12,25,3634,2025-06-18 23:55:26.543943,2025-07-02 23:55:26.543943,
82,Returned,479,18,5389,2025-04-24 20:32:49.416245,2025-05-08 20:32:49.416245,
83,Returned,345,27,7013,2025-06-26 03:11:09.378840,2025-07-10 03:11:09.378840,
84,Returned,181,16,4457,2025-06-21 02:27:21.533541,2025-07-05 02:27:21.533541,
85,Active,479,26,3548,2025-06-17 08:24:13.223206,2025-07-01 08:24:13.223206,
86,Returned,199,9,395,2025-06-19 08:30:28.868553,2025-07-03 08:30:28.868553,
87,Active,319,22,7746,2025-06-24 05:26:33.887502,2025-07-08 05:26:33.887502,
88,Returned,37,9,1782,2025-06-19 21:56:33.013274,2025-07-03 21:56:33.013274,
89,Active,370,3,429,2025-06-25 17:06:38.969612,2025-07-09 17:06:38.969612,
90,Returned,307,25,5566,2025-06-21 14:17:17.995521,2025-07-05 14:17:17.995521,
91,Returned,85,27,3865,2025-06-18 18:29:52.838853,2025-07-02 18:29:52.838853,
92,Returned,19,27,6413,2025-06-15 08:20:09.333406,2025-06-29 08:20:09.333406,
93,Returned,248,29,452,2025-06-14 23:09:31.878199,2025-06-28 23:09:31.878199,
94,Active,394,11,4173,2025-05-11 11:48:02.188598,2025-05-25 11:48:02.188598,
95,Returned,223,16,507,2025-06-18 22:13:54.593766,2025-07-02 22:13:54.593766,
96,Returned,256,26,7247,2025-03-17 14:00:27.613097,2025-03-31 14:00:27.613097,
97,Returned,302,2,3075,2025-06-21 19:11:57.952678,2025-07-05 19:11:57.952678,
98,Returned,176,21,4572,2025-06-16 23:37:41.364484,2025-06-30 23:37:41.364484,
99,Active,159,13,6352,2025-06-23 07:27:05.359236,2025-07-07 07:27:05.359236,
100,Returned,333,30,3842,2025-06-24 07:47:49.515027,2025-07-08 07:47:49.515027,
101,Active,381,3,4694,2025-06-21 01:08:23.767789,2025-07-05 01:08:23.767789,
102,Active,439,26,3109,2025-06-21 03:11:26.376405,2025-07-05 03:11:26.376405,
103,Returned,132,30,5343,2024-12-03 01:26:12.186410,2024-12-17 01:26:12.186410,
104,Active,200,17,836,2025-06-19 07:26:50.205483,2025-07-03 07:26:50.205483,
105,Active,158,19,4122,2025-06-25 11:52:44.362169,2025-07-09 11:52:44.362169,
106,Active,335,12,3594,2025-06-16 06:25:55.733193,2025-06-30 06:25:55.733193,
107,Active,171,27,3936,2025-06-16 18:03:57.197084,2025-06-30 18:03:57.197084,
108,Returned,322,25,2524,2024-12-01 15:56:39.069657,2024-12-15 15:56:39.069657,
109,Returned,50,5,5281,2025-06-25 08:24:45.420862,2025-07-09 08:24:45.420862,
110,Active,443,9,3641,2025-02-26 02:44:52.017128,2025-03-12 02:44:52.017128,
111,Returned,321,14,5355,2025-06-23 22:36:05.211144,2025-07-07 22:36:05.211144,
112,Returned,51,12,4611,2025-06-20 13:57:57.435353,2025-07-04 13:57:57.435353,
113,Returned,107,6,105,2025-05-18 23:32:46.972803,2025-06-01 23:32:46.972803,
114,Returned,240,16,5970,2025-06-21 01:59:04.708227,2025-07-05 01:59:04.708227,
115,Returned,484,4,2321,2025-06-26 01:20:44.867253,2025-07-10 01:20:44.867253,
116,Cancelled,6,18,5452,2025-02-18 17:33:01.341029,2025-03-04 17:33:01.341029,
117,Returned,412,15,2499,2025-06-16 10:06:27.202581,2025-06-30 10:06:27.202581,
118,Returned,310,16,5310,2025-02-04 05:08:05.810211,2025-02-18 05:08:05.810211,
119,Active,284,8,6579,2025-06-17 04:23:23.568075,2025-07-01 04:23:23.568075,
120,Active,401,15,4044,2025-06-19 21:12:43.664810,2025-07-03 21:12:43.664810,
121,Returned,478,6,2902,2025-06-17 04:10:01.833731,2025-07-01 04:10:01.833731,
122,Active,141,14,938,2025-06-24 19:24:59.807991,2025-07-08 19:24:59.807991,
123,Returned,22,20,4936,2025-06-24 03:43:34.064208,2025-07-08 03:43:34.064208,
124,Returned,94,7,6134,2025-06-27 00:24:12.910072,2025-07-11 00:24:12.910072,
125,Returned,65,11,1597,2025-06-23 01:38:06.812978,2025-07-07 01:38:06.812978,
126,Active,448,4,3469,2025-06-05 11:12:42.052272,2025-06-19 11:12:42.052272,
127,Returned,358,3,7398,2025-06-15 17:23:49.267106,2025-06-29 17:23:49.267106,
128,Returned,376,22,5497,2025-06-26 09:17:05.572811,2025-07-10 09:17:05.572811,
129,Returned,2,6,5229,2025-06-25 03:22:15.108935,2025-07-09 03:22:15.108935,
130,Cancelled,457,9,4368,2025-06-22 02:04:34.720071,2025-07-06 02:04:34.720071,
131,Returned,79,16,4625,2025-06-16 23:07:11.615154,2025-06-30 23:07:11.615154,
132,Returned,394,13,3703,2025-06-27 01:28:54.134017,2025-07-11 01:28:54.134017,
133,Returned,463,6,7029,2025-06-18 03:58:40.627617,2025-07-02 03:58:40.627617,
134,Returned,373,22,6709,2025-06-27 01:00:07.420538,2025-07-11 01:00:07.420538,
135,Returned,378,29,7336,2025-01-01 01:13:25.305930,2025-01-15 01:13:25.305930,
136,Returned,355,8,7164,2025-06-22 21:19:47.305001,2025-07-06 21:19:47.305001,
137,Returned,275,10,7804,2025-06-22 15:18:49.429072,2025-07-06 15:18:49.429072,
138,Returned,63,15,7039,2025-06-27 12:20:30.814792,2025-07-11 12:20:30.814792,
139,Returned,488,20,494,2025-06-25 17:36:23.400465,2025-07-09 17:36:23.400465,
140,Returned,117,7,1466,2025-06-20 15:18:16.809423,2025-07-04 15:18:16.809423,
141,Active,122,16,5908,2025-03-09 22:58:30.029085,2025-03-23 22:58:30.029085,
142,Returned,498,19,5139,2025-06-23 20:54:02.967755,2025-07-07 20:54:02.967755,
143,Returned,383,20,2261,2025-06-27 01:05:44.009543,2025-07-11 01:05:44.009543,
144,Active,248,9,3854,2024-11-17 07:06:37.227917,2024-12-01 07:06:37.227917,
145,Active,219,14,1108,2024-09-10 05:41:47.994463,2024-09-24 05:41:47.994463,
146,Returned,449,26,7158,2025-06-16 11:01:06.535000,2025-06-30 11:01:06.535000,
147,Returned,258,3,6005,2025-04-22 01:42:37.900476,2025-05-06 01:42:37.900476,
148,Returned,478,12,2362,2025-06-24 09:09:14.844944,2025-07-08 09:09:14.844944,
149,Active,405,21,5583,2025-06-16 00:37:14.598689,2025-06-30 00:37:14.598689,
150,Cancelled,98,8,2076,2025-06-18 12:26:30.506771,2025-07-02 12:26:30.506771,
151,Returned,226,26,1841,2025-06-23 04:51:19.348173,2025-07-07 04:51:19.348173,
152,Returned,76,23,887,2025-06-23 03:25:56.257404,2025-07-07 03:25:56.257404,
153,Returned,396,10,3806,2025-06-17 20:10:27.068706,2025-07-01 20:10:27.068706,
154,Returned,100,17,7741,2025-06-20 21:59:45.308048,2025-07-04 21:59:45.308048,
155,Active,217,15,6052,2025-02-10 12:17:47.634709,2025-02-24 12:17:47.634709,
156,Returned,458,26,3209,2025-06-20 08:30:15.527920,2025-07-04 08:30:15.527920,
157,Active,204,4,2400,2025-03-31 22:14:11.993596,2025-04-14 22:14:11.993596,
158,Active,313,25,6787,2025-06-25 17:56:28.372092,2025-07-09 17:56:28.372092,
159,Returned,481,23,4659,2025-06-27 12:19:21.733844,2025-07-11 12:19:21.733844,
160,Returned,366,10,4304,2025-06-16 04:33:34.661251,2025-06-30 04:33:34.661251,
161,Returned,336,28,4637,2025-06-20 06:18:04.617805,2025-07-04 06:18:04.617805,
162,Returned,12,28,4728,2025-06-25 22:03:47.622560,2025-07-09 22:03:47.622560,
163,Returned,5,16,1789,2025-05-23 12:33:40.819147,2025-06-06 12:33:40.819147,
164,Returned,199,30,432,2025-06-27 02:45:23.407912,2025-07-11 02:45:23.407912,
165,Active,164,1,7273,2025-06-16 15:14:42.803449,2025-06-30 15:14:42.803449,
166,Returned,429,28,6494,2025-06-21 04:16:34.791780,2025-07-05 04:16:34.791780,
167,Active,45,11,620,2025-06-20 20:25:53.039672,2025-07-04 20:25:53.039672,
168,Active,178,4,1670,2025-06-22 07:22:00.109438,2025-07-06 07:22:00.109438,
169,Active,427,12,5705,2025-06-15 12:09:25.588691,2025-06-29 12:09:25.588691,
170,Returned,421,12,4392,2025-06-17 13:17:13.170915,2025-07-01 13:17:13.170915,
171,Returned,195,2,6907,2025-06-23 20:41:00.000347,2025-07-07 20:41:00.000347,
172,Active,340,10,2738,2025-06-25 11:52:12.917885,2025-07-09 11:52:12.917885,
173,Active,62,21,1228,2025-05-04 07:18:42.507866,2025-05-18 07:18:42.507866,
174,Active,358,28,6307,2025-06-26 07:18:17.015862,2025-07-10 07:18:17.015862,
175,Active,213,4,6294,2025-06-23 20:23:38.502712,2025-07-07 20:23:38.502712,
176,Returned,129,30,7167,2024-10-31 22:00:22.634091,2024-11-14 22:00:22.634091,
177,Returned,425,21,703,2025-06-04 07:52:36.594334,2025-06-18 07:52:36.594334,
178,Returned,54,5,2046,2025-06-21 11:03:28.003298,2025-07-05 11:03:28.003298,
179,Returned,284,10,4249,2025-06-04 01:24:10.667797,2025-06-18 01:24:10.667797,
180,Active,209,21,5445,2025-06-25 05:50:56.196460,2025-07-09 05:50:56.196460,
181,Returned,383,30,6086,2025-06-19 20:14:15.526509,2025-07-03 20:14:15.526509,
182,Returned,17,10,1193,2025-06-23 11:21:14.211038,2025-07-07 11:21:14.211038,
183,Returned,165,12,4138,2025-06-16 03:01:06.073728,2025-06-30 03:01:06.073728,
184,Active,364,4,2457,2025-06-24 18:06:21.254661,2025-07-08 18:06:21.254661,
185,Active,466,3,7324,2025-01-23 21:42:09.944577,2025-02-06 21:42:09.944577,
186,Returned,213,26,3679,2025-06-23 16:26:08.923617,2025-07-07 16:26:08.923617,
187,Returned,489,1,1797,2025-06-24 21:26:10.129263,2025-07-08 21:26:10.129263,
188,Active,257,26,966,2025-06-16 04:33:10.824667,2025-06-30 04:33:10.824667,
189,Returned,76,13,5653,2025-06-22 01:36:33.403686,2025-07-06 01:36:33.403686,
190,Active,202,23,5104,2025-06-23 03:45:27.297343,2025-07-07 03:45:27.297343,
191,Active,121,7,3018,2025-04-14 00:59:13.525122,2025-04-28 00:59:13.525122,
192,Returned,345,7,7594,2025-06-19 00:00:20.801952,2025-07-03 00:00:20.801952,
193,Returned,471,2,7541,2025-06-21 08:31:46.837596,2025-07-05 08:31:46.837596,
194,Returned,93,27,421,2025-06-23 13:51:30.732835,2025-07-07 13:51:30.732835,
195,Returned,446,21,5012,2025-06-25 03:42:50.740768,2025-07-09 03:42:50.740768,
196,Returned,422,30,3434,2025-06-20 15:41:25.462738,2025-07-04 15:41:25.462738,
197,Returned,220,28,1206,2025-06-15 07:02:05.421598,2025-06-29 07:02:05.421598,
198,Returned,264,14,3933,2025-06-16 21:01:45.386000,2025-06-30 21:01:45.386000,
199,Returned,441,23,1446,2025-06-23 01:22:20.280156,2025-07-07 01:22:20.280156,
200,Returned,336,23,963,2025-06-26 20:49:43.263206,2025-07-10 20:49:43.263206,
201,Returned,500,7,932,2025-06-23 20:29:42.818559,2025-07-07 20:29:42.818559,
202,Returned,308,29,6668,2025-06-08 07:50:15.425692,2025-06-22 07:50:15.425692,
203,Returned,461,9,1048,2025-06-22 09:55:41.677067,2025-07-06 09:55:41.677067,
204,Returned,99,17,2986,2025-05-18 19:34:29.643209,2025-06-01 19:34:29.643209,
205,Cancelled,48,9,5449,2025-06-22 17:58:42.162022,2025-07-06 17:58:42.162022,
206,Cancelled,68,11,5385,2025-06-17 15:26:44.089951,2025-07-01 15:26:44.089951,
207,Active,120,25,1675,2025-06-26 19:51:52.046663,2025-07-10 19:51:52.046663,
208,Returned,398,18,3932,2025-06-21 16:58:36.614113,2025-07-05 16:58:36.614113,
209,Returned,78,9,4304,2025-06-23 08:35:08.104919,2025-07-07 08:35:08.104919,
210,Returned,161,2,1626,2025-02-03 17:33:42.671132,2025-02-17 17:33:42.671132,
211,Returned,434,23,3058,2025-06-16 10:57:45.230836,2025-06-30 10:57:45.230836,
212,Active,315,14,2268,2025-06-23 02:41:51.786703,2025-07-07 02:41:51.786703,
213,Active,204,20,3329,2025-06-25 02:39:13.726875,2025-07-09 02:39:13.726875,
214,Returned,127,21,7625,2025-06-18 20:30:46.863196,2025-07-02 20:30:46.863196,
215,Returned,195,28,156,2025-06-14 23:40:53.943841,2025-06-28 23:40:53.943841,
216,Returned,198,23,4732,2025-06-19 03:56:53.269492,2025-07-03 03:56:53.269492,
217,Active,52,17,6800,2025-06-07 04:24:07.194807,2025-06-21 04:24:07.194807,
218,Returned,123,28,6872,2025-06-20 12:58:35.436676,2025-07-04 12:58:35.436676,
219,Returned,82,30,4499,2025-06-18 03:44:01.841948,2025-07-02 03:44:01.841948,
220,Active,248,15,6854,2025-04-28 22:28:42.698266,2025-05-12 22:28:42.698266,
221,Returned,452,17,1519,2025-06-18 05:35:01.361747,2025-07-02 05:35:01.361747,
222,Returned,76,21,3661,2025-06-17 02:02:14.170402,2025-07-01 02:02:14.170402,
223,Returned,156,7,7541,2025-06-23 04:11:47.028263,2025-07-07 04:11:47.028263,
224,Returned,263,3,1385,2025-06-27 08:11:56.585118,2025-07-11 08:11:56.585118,
225,Returned,397,25,606,2025-06-13 15:14:32.238110,2025-06-27 15:14:32.238110,
226,Returned,408,7,5433,2025-06-17 03:33:09.902097,2025-07-01 03:33:09.902097,
227,Active,142,24,6714,2025-06-26 04:48:07.591420,2025-07-10 04:48:07.591420,
228,Returned,26,16,1030,2025-06-15 10:46:41.411387,2025-06-29 10:46:41.411387,
229,Active,443,20,3542,2025-06-24 07:55:44.610434,2025-07-08 07:55:44.610434,
230,Cancelled,330,11,1887,2025-06-21 02:50:34.920478,2025-07-05 02:50:34.920478,
231,Returned,364,16,1661,2025-06-25 11:40:11.404235,2025-07-09 11:40:11.404235,
232,Returned,224,30,3952,2025-06-22 07:25:28.912781,2025-07-06 07:25:28.912781,
233,Active,484,10,7250,2025-01-26 01:27:05.509397,2025-02-09 01:27:05.509397,
234,Returned,301,10,2380,2025-06-17 00:41:24.224719,2025-07-01 00:41:24.224719,
235,Active,8,19,367,2025-06-22 17:15:46.047155,2025-07-06 17:15:46.047155,
236,Returned,250,23,6617,2025-03-02 06:30:53.326559,2025-03-16 06:30:53.326559,
237,Active,215,3,1391,2025-06-26 18:51:08.955733,2025-07-10 18:51:08.955733,
238,Active,202,19,2399,2024-11-18 07:57:41.105980,2024-12-02 07:57:41.105980,
239,Returned,453,6,7867,2025-06-27 11:59:08.163791,2025-07-11 11:59:08.163791,
240,Active,270,15,3165,2025-06-16 11:38:50.164730,2025-06-30 11:38:50.164730,
241,Returned,325,4,684,2024-12-16 03:53:19.732614,2024-12-30 03:53:19.732614,
242,Returned,362,24,7021,2025-06-22 04:15:46.762503,2025-07-06 04:15:46.762503,
243,Active,250,1,2901,2025-06-19 01:16:19.692651,2025-07-03 01:16:19.692651,
244,Returned,144,21,7831,2025-06-24 19:57:12.475455,2025-07-08 19:57:12.475455,
245,Returned,411,16,1462,2025-03-27 19:53:36.252799,2025-04-10 19:53:36.252799,
246,Active,418,14,2515,2025-06-21 11:04:07.363315,2025-07-05 11:04:07.363315,
247,Returned,175,14,950,2025-06-18 08:24:46.694770,2025-07-02 08:24:46.694770,
248,Active,458,19,2249,2025-06-24 22:42:22.104940,2025-07-08 22:42:22.104940,
249,Returned,48,5,4920,2025-06-25 12:11:21.304580,2025-07-09 12:11:21.304580,
250,Returned,103,19,6051,2025-06-17 09:24:39.766778,2025-07-01 09:24:39.766778,
251,Returned,19,27,3372,2025-06-18 19:29:08.701141,2025-07-02 19:29:08.701141,
252,Returned,144,28,6670,2025-06-24 19:24:07.508713,2025-07-08 19:24:07.508713,
253,Active,228,14,1997,2025-06-21 23:31:08.479773,2025-07-05 23:31:08.479773,
254,Returned,352,22,3183,2025-06-27 08:50:17.454560,2025-07-11 08:50:17.454560,
255,Returned,85,21,6384,2025-06-15 23:52:56.077863,2025-06-29 23:52:56.077863,
256,Returned,210,30,5022,2025-06-20 23:55:05.729744,2025-07-04 23:55:05.729744,
257,Returned,369,2,1053,2025-06-17 01:31:39.596537,2025-07-01 01:31:39.596537,
258,Active,144,25,1565,2025-03-06 21:40:21.716211,2025-03-20 21:40:21.716211,
259,Returned,94,23,2865,2025-06-22 20:22:05.993085,2025-07-06 20:22:05.993085,
260,Returned,75,18,7285,2025-06-24 00:14:10.624899,2025-07-08 00:14:10.624899,
261,Returned,482,17,7551,2025-06-27 11:55:20.253731,2025-07-11 11:55:20.253731,
262,Returned,497,13,7081,2025-06-14 23:23:04.148166,2025-06-28 23:23:04.148166,
263,Returned,219,12,384,2025-06-23 16:51:36.048648,2025-07-07 16:51:36.048648,
264,Active,273,1,6114,2025-06-21 16:46:55.475879,2025-07-05 16:46:55.475879,
265,Returned,363,14,2389,2025-06-20 08:29:52.441777,2025-07-04 08:29:52.441777,
266,Returned,476,24,1324,2025-06-19 05:26:16.483240,2025-07-03 05:26:16.483240,
267,Returned,405,18,2501,2025-06-20 07:34:15.375103,2025-07-04 07:34:15.375103,
268,Returned,494,6,5305,2025-06-15 19:15:54.424834,2025-06-29 19:15:54.424834,
269,Returned,168,6,810,2025-05-31 15:28:32.822717,2025-06-14 15:28:32.822717,
270,Cancelled,331,26,360,2025-06-18 13:37:52.398207,2025-07-02 13:37:52.398207,
271,Active,117,6,2384,2025-06-16 07:38:52.258900,2025-06-30 07:38:52.258900,
272,Returned,256,1,7643,2025-06-19 19:44:18.665214,2025-07-03 19:44:18.665214,
273,Returned,363,18,3820,2025-06-17 14:37:04.706952,2025-07-01 14:37:04.706952,
274,Returned,112,8,2564,2025-06-22 17:04:50.670733,2025-07-06 17:04:50.670733,
275,Returned,320,9,5812,2025-06-25 06:38:11.169992,2025-07-09 06:38:11.169992,
276,Returned,220,29,5812,2025-06-24 08:17:52.208612,2025-07-08 08:17:52.208612,
277,Active,285,22,7588,2025-06-16 05:02:08.985251,2025-06-30 05:02:08.985251,
278,Returned,424,18,7684,2025-06-25 12:55:09.590433,2025-07-09 12:55:09.590433,
279,Returned,25,1,6736,2025-06-22 21:51:02.179410,2025-07-06 21:51:02.179410,
280,Returned,83,1,725,2025-05-16 01:24:18.152653,2025-05-30 01:24:18.152653,
281,Returned,116,27,5331,2025-06-17 12:11:17.242295,2025-07-01 12:11:17.242295,
282,Returned,407,28,3683,2025-02-14 20:49:01.107232,2025-02-28 20:49:01.107232,
283,Returned,348,30,4891,2025-06-25 04:03:20.787931,2025-07-09 04:03:20.787931,
284,Returned,378,8,4491,2024-12-02 06:38:44.555985,2024-12-16 06:38:44.555985,
285,Returned,269,1,6821,2025-06-20 05:05:01.256020,2025-07-04 05:05:01.256020,
286,Cancelled,487,29,620,2025-05-14 10:23:47.779233,2025-05-28 10:23:47.779233,
287,Active,253,12,6712,2025-06-19 12:36:57.039356,2025-07-03 12:36:57.039356,
288,Returned,187,30,4037,2025-06-25 15:10:37.947237,2025-07-09 15:10:37.947237,
289,Returned,153,16,5010,2025-06-14 05:53:14.810566,2025-06-28 05:53:14.810566,
290,Returned,396,14,6503,2025-05-09 06:48:56.006873,2025-05-23 06:48:56.006873,
291,Active,141,29,3836,2024-08-06 20:48:24.722023,2024-08-20 20:48:24.722023,
292,Returned,24,22,7530,2025-06-14 17:29:26.435141,2025-06-28 17:29:26.435141,
293,Returned,491,25,2276,2025-06-18 11:35:28.426505,2025-07-02 11:35:28.426505,
294,Returned,487,29,991,2025-06-21 18:42:15.402042,2025-07-05 18:42:15.402042,
295,Returned,384,3,7220,2025-06-21 22:37:28.871176,2025-07-05 22:37:28.871176,
296,Returned,135,29,3233,2025-06-26 10:55:00.182396,2025-07-10 10:55:00.182396,
297,Returned,283,11,6882,2025-06-16 10:25:10.855919,2025-06-30 10:25:10.855919,
298,Returned,298,28,1946,2025-06-19 01:50:19.240612,2025-07-03 01:50:19.240612,
299,Returned,166,2,1123,2025-06-10 16:09:13.888865,2025-06-24 16:09:13.888865,
300,Active,386,11,2154,2025-06-24 00:28:35.712084,2025-07-08 00:28:35.712084,
301,Returned,11,1,658,2025-06-23 04:01:12.020822,2025-07-07 04:01:12.020822,
302,Returned,475,15,5499,2025-06-24 10:17:32.935866,2025-07-08 10:17:32.935866,
303,Returned,400,20,1008,2025-06-14 23:36:57.967414,2025-06-28 23:36:57.967414,
304,Returned,212,30,6856,2025-06-22 16:11:21.555968,2025-07-06 16:11:21.555968,
305,Returned,496,28,4415,2025-06-15 07:39:10.548954,2025-06-29 07:39:10.548954,
306,Returned,240,10,3726,2025-06-26 14:48:40.295055,2025-07-10 14:48:40.295055,
307,Returned,99,7,1839,2025-02-22 02:12:02.178847,2025-03-08 02:12:02.178847,
308,Returned,436,1,1448,2025-06-22 23:44:25.422162,2025-07-06 23:44:25.422162,
309,Returned,222,2,4000,2025-06-24 08:57:54.721890,2025-07-08 08:57:54.721890,
310,Returned,368,24,2057,2025-06-21 09:30:00.793771,2025-07-05 09:30:00.793771,
311,Returned,266,2,5826,2025-02-15 20:08:56.978434,2025-03-01 20:08:56.978434,
312,Returned,229,3,5504,2025-06-21 00:17:24.869421,2025-07-05 00:17:24.869421,
313,Returned,419,26,2025,2025-06-27 03:22:53.115631,2025-07-11 03:22:53.115631,
314,Returned,242,16,757,2025-04-12 18:33:01.343557,2025-04-26 18:33:01.343557,
315,Returned,215,28,7885,2025-06-18 02:21:18.039430,2025-07-02 02:21:18.039430,
316,Active,148,24,4291,2025-06-15 09:53:46.044891,2025-06-29 09:53:46.044891,
317,Returned,42,24,6885,2025-06-20 04:29:51.207107,2025-07-04 04:29:51.207107,
318,Returned,240,8,5593,2025-02-08 09:11:57.441537,2025-02-22 09:11:57.441537,
319,Returned,99,14,2563,2025-06-15 14:57:08.091832,2025-06-29 14:57:08.091832,
320,Returned,81,13,5666,2025-06-22 04:46:27.199339,2025-07-06 04:46:27.199339,
321,Returned,356,18,4404,2025-06-26 04:42:15.609781,2025-07-10 04:42:15.609781,
322,Returned,449,21,1832,2025-05-24 01:43:50.164340,2025-06-07 01:43:50.164340,
323,Returned,298,18,4785,2025-06-22 20:04:33.681531,2025-07-06 20:04:33.681531,
324,Returned,372,9,1482,2025-06-16 21:12:17.461054,2025-06-30 21:12:17.461054,
325,Active,84,10,6137,2025-06-21 04:17:22.472562,2025-07-05 04:17:22.472562,
326,Returned,249,18,1705,2025-06-19 14:12:56.671644,2025-07-03 14:12:56.671644,
327,Returned,144,29,4556,2025-06-23 02:22:03.620863,2025-07-07 02:22:03.620863,
328,Returned,440,26,948,2025-06-21 07:45:52.050793,2025-07-05 07:45:52.050793,
329,Active,372,25,191,2025-06-21 13:24:56.740452,2025-07-05 13:24:56.740452,
330,Returned,156,28,6846,2025-06-27 04:21:10.029557,2025-07-11 04:21:10.029557,
331,Returned,289,19,6804,2025-06-19 15:37:11.436021,2025-07-03 15:37:11.436021,
332,Active,381,2,4452,2024-10-15 21:51:16.417956,2024-10-29 21:51:16.417956,
333,Returned,95,23,6959,2025-06-22 14:24:58.627378,2025-07-06 14:24:58.627378,
334,Returned,457,21,7896,2025-04-15 04:22:55.384183,2025-04-29 04:22:55.384183,
335,Active,161,25,1668,2025-06-21 23:40:36.352238,2025-07-05 23:40:36.352238,
336,Cancelled,352,28,3274,2025-06-15 00:15:54.504210,2025-06-29 00:15:54.504210,
337,Returned,208,2,3035,2025-06-23 20:04:14.628049,2025-07-07 20:04:14.628049,
338,Active,450,23,3360,2025-06-22 09:41:13.464179,2025-07-06 09:41:13.464179,
339,Returned,63,29,346,2025-06-21 03:07:06.881027,2025-07-05 03:07:06.881027,
340,Returned,280,20,1222,2025-06-18 08:20:07.645289,2025-07-02 08:20:07.645289,
341,Returned,208,26,5398,2025-06-11 14:47:19.692307,2025-06-25 14:47:19.692307,
342,Returned,207,27,52,2025-06-15 09:52:42.349840,2025-06-29 09:52:42.349840,
343,Returned,104,29,2146,2025-04-06 08:12:40.135368,2025-04-20 08:12:40.135368,
344,Cancelled,466,19,2374,2025-06-21 15:30:54.836269,2025-07-05 15:30:54.836269,
345,Active,488,5,5984,2025-06-21 13:44:47.451703,2025-07-05 13:44:47.451703,
346,Active,139,26,3363,2025-06-20 15:14:11.340903,2025-07-04 15:14:11.340903,
347,Active,385,28,5447,2025-03-30 16:21:00.423887,2025-04-13 16:21:00.423887,
348,Returned,272,5,6878,2025-06-17 07:49:49.049026,2025-07-01 07:49:49.049026,
349,Returned,222,7,221,2025-06-14 18:20:53.972663,2025-06-28 18:20:53.972663,
350,Returned,150,15,7876,2025-01-22 13:38:00.513572,2025-02-05 13:38:00.513572,
351,Returned,55,4,5043,2025-06-21 17:07:46.423935,2025-07-05 17:07:46.423935,
352,Returned,334,12,6974,2025-06-21 03:31:13.503560,2025-07-05 03:31:13.503560,
353,Returned,132,5,698,2025-06-25 13:41:29.389479,2025-07-09 13:41:29.389479,
354,Returned,369,15,5167,2025-06-21 06:11:23.637674,2025-07-05 06:11:23.637674,
355,Returned,469,28,5101,2025-06-26 23:42:32.934456,2025-07-10 23:42:32.934456,
356,Active,94,18,1793,2025-06-22 11:25:42.355402,2025-07-06 11:25:42.355402,
357,Returned,259,27,7702,2025-06-21 12:53:26.145837,2025-07-05 12:53:26.145837,
358,Active,289,16,6822,2025-06-19 21:44:49.868510,2025-07-03 21:44:49.868510,
359,Active,304,17,5782,2025-05-24 01:35:57.348296,2025-06-07 01:35:57.348296,
360,Active,343,24,7047,2025-06-10 20:24:31.759331,2025-06-24 20:24:31.759331,
361,Returned,394,18,673,2025-06-24 01:30:45.855225,2025-07-08 01:30:45.855225,
362,Returned,485,15,3277,2025-06-19 06:47:35.134226,2025-07-03 06:47:35.134226,
363,Returned,39,29,5258,2025-06-27 16:20:19.270055,2025-07-11 16:20:19.270055,
364,Returned,308,22,4084,2025-06-16 06:56:29.182423,2025-06-30 06:56:29.182423,
365,Cancelled,216,15,3490,2025-06-25 08:39:53.825937,2025-07-09 08:39:53.825937,
366,Returned,191,11,2576,2025-06-17 13:00:24.420238,2025-07-01 13:00:24.420238,
367,Active,368,8,1647,2025-06-18 18:38:04.940887,2025-07-02 18:38:04.940887,
368,Active,208,18,4352,2025-06-24 06:58:11.564395,2025-07-08 06:58:11.564395,
369,Returned,156,24,6190,2025-06-21 13:33:56.388993,2025-07-05 13:33:56.388993,
370,Returned,247,26,1208,2025-02-15 16:16:17.318880,2025-03-01 16:16:17.318880,
371,Active,56,25,2340,2025-06-24 05:34:15.913949,2025-07-08 05:34:15.913949,
372,Active,386,28,6551,2024-10-04 01:37:31.448845,2024-10-18 01:37:31.448845,
373,Cancelled,417,1,6034,2025-06-25 20:00:51.683401,2025-07-09 20:00:51.683401,
374,Returned,373,8,291,2025-06-26 03:31:11.477478,2025-07-10 03:31:11.477478,
375,Returned,125,26,6531,2025-06-22 14:09:33.325551,2025-07-06 14:09:33.325551,
376,Returned,400,25,6595,2025-06-18 09:43:53.413119,2025-07-02 09:43:53.413119,
377,Returned,67,6,656,2025-06-14 19:35:10.633542,2025-06-28 19:35:10.633542,
378,Returned,169,16,1475,2025-06-18 11:52:53.188993,2025-07-02 11:52:53.188993,
379,Cancelled,238,11,7592,2025-05-22 17:14:53.017532,2025-06-05 17:14:53.017532,
380,Returned,408,23,2172,2025-03-27 17:37:04.479912,2025-04-10 17:37:04.479912,
381,Returned,51,30,4282,2025-06-27 15:00:28.438598,2025-07-11 15:00:28.438598,
382,Returned,485,29,3431,2025-04-09 16:38:11.321423,2025-04-23 16:38:11.321423,
383,Returned,329,7,7740,2025-06-19 12:24:49.774168,2025-07-03 12:24:49.774168,
384,Returned,189,23,3536,2025-06-24 04:50:37.810315,2025-07-08 04:50:37.810315,
385,Returned,381,27,5745,2025-06-15 04:47:48.012207,2025-06-29 04:47:48.012207,
386,Returned,245,23,5478,2025-06-17 10:00:27.967797,2025-07-01 10:00:27.967797,
387,Active,246,20,1160,2025-06-17 11:29:35.380252,2025-07-01 11:29:35.380252,
388,Returned,47,26,6146,2025-06-25 08:30:54.911107,2025-07-09 08:30:54.911107,
389,Returned,129,26,1394,2024-12-12 12:57:25.214511,2024-12-26 12:57:25.214511,
390,Returned,75,30,1328,2025-01-02 04:32:33.895363,2025-01-16 04:32:33.895363,
391,Returned,30,4,2311,2025-06-18 05:30:55.280558,2025-07-02 05:30:55.280558,
392,Active,342,2,7860,2025-02-03 02:56:06.083745,2025-02-17 02:56:06.083745,
393,Returned,151,9,3315,2025-06-22 10:14:18.692157,2025-07-06 10:14:18.692157,
394,Returned,235,30,3596,2025-06-20 17:28:23.305773,2025-07-04 17:28:23.305773,
395,Returned,447,27,3343,2025-06-27 17:07:41.985067,2025-07-11 17:07:41.985067,
396,Returned,121,4,6721,2025-05-17 11:11:43.784423,2025-05-31 11:11:43.784423,
397,Active,470,24,3455,2025-06-15 09:26:35.522995,2025-06-29 09:26:35.522995,
398,Active,46,15,4565,2025-06-24 10:07:31.127553,2025-07-08 10:07:31.127553,
399,Active,453,29,7449,2025-06-17 16:27:58.186245,2025-07-01 16:27:58.186245,
400,Active,120,6,5810,2025-05-27 12:39:21.250741,2025-06-10 12:39:21.250741,
401,Active,331,19,2513,2025-06-27 09:58:51.656133,2025-07-11 09:58:51.656133,
402,Returned,473,6,5914,2025-06-20 13:25:38.535329,2025-07-04 13:25:38.535329,
403,Returned,299,11,3370,2025-06-24 07:10:30.792499,2025-07-08 07:10:30.792499,
404,Returned,479,17,4293,2025-06-15 12:16:38.056030,2025-06-29 12:16:38.056030,
405,Active,259,8,948,2025-06-23 08:50:39.230254,2025-07-07 08:50:39.230254,
406,Returned,122,18,1852,2025-06-21 11:11:50.666548,2025-07-05 11:11:50.666548,
407,Returned,23,22,817,2025-06-25 16:43:30.897413,2025-07-09 16:43:30.897413,
408,Active,450,18,6746,2025-06-26 03:04:48.581779,2025-07-10 03:04:48.581779,
409,Returned,446,17,6993,2025-06-19 23:22:48.071521,2025-07-03 23:22:48.071521,
410,Returned,347,19,7843,2025-05-22 12:01:51.204628,2025-06-05 12:01:51.204628,
411,Returned,23,20,5069,2025-06-23 13:46:56.530572,2025-07-07 13:46:56.530572,
412,Returned,119,23,7760,2025-06-20 05:42:15.677494,2025-07-04 05:42:15.677494,
413,Returned,149,10,4211,2025-06-27 16:01:15.910558,2025-07-11 16:01:15.910558,
414,Returned,320,5,793,2025-06-08 05:37:15.763169,2025-06-22 05:37:15.763169,
415,Returned,360,8,1198,2025-06-18 06:33:49.224922,2025-07-02 06:33:49.224922,
416,Returned,424,28,5088,2024-12-01 18:46:14.742238,2024-12-15 18:46:14.742238,
417,Returned,328,27,3875,2025-06-17 02:37:36.610208,2025-07-01 02:37:36.610208,
418,Returned,432,16,1963,2024-09-13 10:27:46.784557,2024-09-27 10:27:46.784557,
419,Returned,334,23,1437,2025-06-25 12:08:38.569256,2025-07-09 12:08:38.569256,
420,Active,285,11,194,2025-06-25 23:17:23.618990,2025-07-09 23:17:23.618990,
421,Returned,125,25,7600,2025-03-01 09:43:04.247275,2025-03-15 09:43:04.247275,
422,Cancelled,155,30,4962,2025-06-18 18:33:33.611353,2025-07-02 18:33:33.611353,
423,Returned,31,18,7354,2025-06-26 14:44:08.465486,2025-07-10 14:44:08.465486,
424,Active,193,6,5623,2025-06-22 08:26:25.152885,2025-07-06 08:26:25.152885,
425,Returned,364,7,3086,2025-06-16 10:30:59.571027,2025-06-30 10:30:59.571027,
426,Returned,146,19,4770,2025-06-25 19:56:54.517985,2025-07-09 19:56:54.517985,
427,Returned,84,11,3085,2025-06-22 13:48:15.537626,2025-07-06 13:48:15.537626,
428,Returned,270,3,5279,2025-06-23 01:31:37.784085,2025-07-07 01:31:37.784085,
429,Cancelled,264,13,582,2024-09-08 12:59:44.565416,2024-09-22 12:59:44.565416,
430,Returned,247,29,2115,2025-06-27 07:59:07.631910,2025-07-11 07:59:07.631910,
431,Returned,491,11,7263,2025-06-26 20:19:25.949800,2025-07-10 20:19:25.949800,
432,Returned,131,28,1784,2025-03-01 08:21:44.971865,2025-03-15 08:21:44.971865,
433,Returned,358,14,7718,2025-06-23 19:25:49.946548,2025-07-07 19:25:49.946548,
434,Cancelled,42,12,903,2025-06-24 10:06:06.764972,2025-07-08 10:06:06.764972,
435,Returned,58,29,2285,2025-06-24 18:27:56.055142,2025-07-08 18:27:56.055142,
436,Returned,56,4,5267,2025-06-23 07:16:51.815747,2025-07-07 07:16:51.815747,
437,Returned,315,2,2197,2025-06-18 10:30:14.305005,2025-07-02 10:30:14.305005,
438,Cancelled,174,14,3743,2025-06-15 22:34:10.931016,2025-06-29 22:34:10.931016,
439,Returned,381,22,6458,2025-06-20 05:39:33.384244,2025-07-04 05:39:33.384244,
440,Returned,125,23,658,2025-06-26 06:43:01.709803,2025-07-10 06:43:01.709803,
441,Active,178,25,3521,2024-09-26 20:45:53.936152,2024-10-10 20:45:53.936152,
442,Returned,480,14,5093,2025-06-24 20:01:38.400153,2025-07-08 20:01:38.400153,
443,Returned,423,16,2222,2025-06-26 07:51:37.565685,2025-07-10 07:51:37.565685,
444,Returned,160,23,5518,2025-06-24 01:09:20.672224,2025-07-08 01:09:20.672224,
445,Returned,472,20,2470,2025-06-26 13:04:18.242795,2025-07-10 13:04:18.242795,
446,Active,291,19,5615,2025-06-26 22:35:14.109267,2025-07-10 22:35:14.109267,
447,Returned,435,25,740,2025-04-04 09:46:51.987858,2025-04-18 09:46:51.987858,
448,Returned,320,22,4068,2025-06-27 14:06:28.826824,2025-07-11 14:06:28.826824,
449,Returned,378,9,1524,2025-06-23 14:52:58.312937,2025-07-07 14:52:58.312937,
450,Active,300,28,533,2025-06-25 20:14:25.248388,2025-07-09 20:14:25.248388,
451,Returned,106,29,7538,2025-06-16 23:05:53.394106,2025-06-30 23:05:53.394106,
452,Returned,327,13,920,2025-06-19 15:00:19.301719,2025-07-03 15:00:19.301719,
453,Returned,76,19,5605,2025-06-14 23:58:40.768039,2025-06-28 23:58:40.768039,
454,Returned,69,10,5091,2025-06-18 21:15:57.394715,2025-07-02 21:15:57.394715,
455,Returned,416,12,2022,2025-06-21 16:27:29.405253,2025-07-05 16:27:29.405253,
456,Active,357,20,5566,2025-06-21 13:43:31.092547,2025-07-05 13:43:31.092547,
457,Returned,419,22,6545,2025-01-06 09:44:07.559215,2025-01-20 09:44:07.559215,
458,Returned,467,9,7034,2025-06-27 08:12:11.553316,2025-07-11 08:12:11.553316,
459,Returned,448,12,6201,2025-06-27 17:39:47.335551,2025-07-11 17:39:47.335551,
460,Returned,285,12,2770,2025-06-19 09:49:53.820098,2025-07-03 09:49:53.820098,
461,Returned,338,5,4710,2025-06-25 12:07:20.887105,2025-07-09 12:07:20.887105,
462,Returned,84,27,4419,2025-06-13 20:11:00.636868,2025-06-27 20:11:00.636868,
463,Active,313,29,6092,2025-06-19 11:34:41.255786,2025-07-03 11:34:41.255786,
464,Returned,482,23,7663,2025-06-16 13:52:54.618918,2025-06-30 13:52:54.618918,
465,Returned,210,12,3527,2025-06-27 09:23:43.236000,2025-07-11 09:23:43.236000,
466,Returned,51,11,3362,2025-06-20 09:53:56.144563,2025-07-04 09:53:56.144563,
467,Cancelled,91,18,5004,2025-06-16 16:51:10.226904,2025-06-30 16:51:10.226904,
468,Cancelled,229,5,2274,2025-06-23 00:37:07.777105,2025-07-07 00:37:07.777105,
469,Returned,256,1,5929,2025-05-23 22:58:16.896780,2025-06-06 22:58:16.896780,
470,Active,399,7,6402,2025-05-04 19:46:06.755247,2025-05-18 19:46:06.755247,
471,Active,476,27,7643,2025-03-23 15:28:41.912091,2025-04-06 15:28:41.912091,
472,Active,387,25,614,2025-06-17 04:48:10.471075,2025-07-01 04:48:10.471075,
473,Active,181,5,6088,2025-06-15 16:22:35.568554,2025-06-29 16:22:35.568554,
474,Returned,457,15,5964,2025-06-24 18:20:16.690075,2025-07-08 18:20:16.690075,
475,Returned,350,29,4815,2025-06-26 14:09:44.883245,2025-07-10 14:09:44.883245,
476,Active,481,30,7428,2025-06-21 04:01:23.995932,2025-07-05 04:01:23.995932,
477,Active,119,3,940,2025-06-21 09:31:13.474923,2025-07-05 09:31:13.474923,
478,Returned,311,13,6280,2025-06-20 15:40:56.298688,2025-07-04 15:40:56.298688,
479,Returned,235,22,7131,2025-01-17 08:52:58.761984,2025-01-31 08:52:58.761984,
480,Returned,464,20,7799,2025-06-27 15:32:46.184036,2025-07-11 15:32:46.184036,
481,Returned,154,15,1193,2025-06-21 02:55:42.748024,2025-07-05 02:55:42.748024,
482,Returned,171,30,462,2025-06-24 13:23:21.971660,2025-07-08 13:23:21.971660,
483,Active,68,10,2250,2025-06-20 06:58:19.668754,2025-07-04 06:58:19.668754,
484,Active,243,25,5956,2025-05-04 20:21:29.129931,2025-05-18 20:21:29.129931,
485,Active,11,9,5233,2025-06-25 20:43:24.296358,2025-07-09 20:43:24.296358,
486,Returned,92,3,7497,2025-06-17 00:17:29.484294,2025-07-01 00:17:29.484294,
487,Returned,149,20,409,2025-06-22 07:00:05.979892,2025-07-06 07:00:05.979892,
488,Active,74,16,5166,2025-06-26 10:46:40.916108,2025-07-10 10:46:40.916108,
489,Returned,312,3,5912,2025-06-13 14:58:43.143327,2025-06-27 14:58:43.143327,
490,Returned,177,22,887,2025-06-17 00:31:30.367706,2025-07-01 00:31:30.367706,
491,Returned,29,8,2432,2025-06-15 03:05:11.448320,2025-06-29 03:05:11.448320,
492,Returned,274,17,6100,2025-06-16 19:32:47.696767,2025-06-30 19:32:47.696767,
493,Returned,460,10,5824,2025-06-26 17:46:44.832398,2025-07-10 17:46:44.832398,
494,Returned,87,10,6471,2025-06-19 12:27:44.312060,2025-07-03 12:27:44.312060,
495,Active,299,27,5345,2025-06-24 14:09:18.266534,2025-07-08 14:09:18.266534,
496,Returned,337,8,1166,2025-06-27 17:09:36.669863,2025-07-11 17:09:36.669863,
497,Returned,405,11,7166,2025-06-27 18:47:57.509338,2025-07-11 18:47:57.509338,
498,Returned,475,7,1397,2025-06-27 08:19:17.841968,2025-07-11 08:19:17.841968,
499,Returned,350,2,2280,2025-06-26 01:13:50.454196,2025-07-10 01:13:50.454196,
500,Returned,460,4,5678,2025-06-22 15:31:36.245158,2025-07-06 15:31:36.245158,
501,Active,109,25,2085,2025-06-25 02:19:01.367634,2025-07-09 02:19:01.367634,
502,Returned,258,28,4434,2025-06-23 16:10:20.619507,2025-07-07 16:10:20.619507,
503,Returned,244,4,5184,2025-06-20 11:48:48.361701,2025-07-04 11:48:48.361701,
504,Returned,453,18,7422,2025-06-17 03:56:20.163824,2025-07-01 03:56:20.163824,
505,Returned,454,6,2507,2025-06-26 21:40:07.454698,2025-07-10 21:40:07.454698,
506,Returned,446,14,1089,2025-06-20 18:54:03.972986,2025-07-04 18:54:03.972986,
507,Returned,113,2,3425,2024-12-16 05:11:41.637242,2024-12-30 05:11:41.637242,
508,Returned,153,23,2104,2025-06-19 11:15:31.882967,2025-07-03 11:15:31.882967,
509,Returned,151,23,1701,2025-06-21 11:56:54.627793,2025-07-05 11:56:54.627793,
510,Active,225,3,3837,2025-06-20 14:10:34.949163,2025-07-04 14:10:34.949163,
511,Active,248,27,6643,2025-06-24 02:57:31.583547,2025-07-08 02:57:31.583547,
512,Cancelled,172,25,6551,2025-06-24 20:29:26.183656,2025-07-08 20:29:26.183656,
513,Returned,459,29,3340,2025-06-25 16:25:44.957107,2025-07-09 16:25:44.957107,
514,Returned,390,22,4666,2025-06-27 13:58:43.138717,2025-07-11 13:58:43.138717,
515,Active,232,2,5796,2025-06-16 04:40:34.130762,2025-06-30 04:40:34.130762,
516,Returned,184,11,6078,2025-06-24 14:27:42.805488,2025-07-08 14:27:42.805488,
517,Returned,425,19,1788,2025-06-17 05:36:40.555528,2025-07-01 05:36:40.555528,
518,Returned,232,14,2267,2025-03-22 22:19:42.623270,2025-04-05 22:19:42.623270,
519,Active,402,28,6789,2025-06-23 03:54:04.153679,2025-07-07 03:54:04.153679,
520,Returned,429,16,3506,2025-06-26 18:46:13.504912,2025-07-10 18:46:13.504912,
521,Returned,216,5,5548,2025-06-24 02:34:48.740465,2025-07-08 02:34:48.740465,
522,Returned,33,16,7316,2025-06-18 11:33:07.549269,2025-07-02 11:33:07.549269,
523,Returned,377,6,410,2025-06-16 11:21:11.968786,2025-06-30 11:21:11.968786,
524,Active,36,13,137,2025-06-23 21:54:17.391957,2025-07-07 21:54:17.391957,
525,Returned,439,7,5366,2025-06-17 16:22:36.787936,2025-07-01 16:22:36.787936,
526,Cancelled,69,9,1106,2025-06-20 11:10:22.200243,2025-07-04 11:10:22.200243,
527,Returned,145,5,3056,2025-06-24 03:57:05.386367,2025-07-08 03:57:05.386367,
528,Returned,334,21,3297,2025-06-17 05:58:53.876024,2025-07-01 05:58:53.876024,
529,Active,314,3,6339,2025-06-26 04:45:46.699956,2025-07-10 04:45:46.699956,
530,Returned,368,4,6725,2025-06-23 04:37:17.854560,2025-07-07 04:37:17.854560,
531,Returned,328,30,3418,2025-06-05 19:42:32.062596,2025-06-19 19:42:32.062596,
532,Returned,187,3,1825,2025-06-14 16:01:36.337368,2025-06-28 16:01:36.337368,
533,Returned,256,26,4023,2025-06-15 13:06:52.118854,2025-06-29 13:06:52.118854,
534,Returned,227,2,861,2025-06-24 16:50:21.472217,2025-07-08 16:50:21.472217,
535,Returned,111,23,3400,2025-04-01 20:11:27.269517,2025-04-15 20:11:27.269517,
536,Returned,279,13,4940,2025-06-26 06:06:28.440977,2025-07-10 06:06:28.440977,
537,Returned,56,10,5563,2025-01-13 14:59:32.748163,2025-01-27 14:59:32.748163,
538,Returned,231,19,6945,2025-06-20 05:33:53.896338,2025-07-04 05:33:53.896338,
539,Active,128,6,7689,2025-06-25 17:25:26.929422,2025-07-09 17:25:26.929422,
540,Returned,292,30,7363,2025-06-23 13:05:18.939870,2025-07-07 13:05:18.939870,
541,Returned,432,4,201,2025-06-19 14:19:26.293905,2025-07-03 14:19:26.293905,
542,Returned,186,27,7001,2025-06-19 22:58:01.374468,2025-07-03 22:58:01.374468,
543,Returned,75,29,3235,2025-06-21 19:07:24.874821,2025-07-05 19:07:24.874821,
544,Returned,373,5,6407,2025-06-25 18:03:22.431297,2025-07-09 18:03:22.431297,
545,Returned,370,12,3190,2025-06-27 17:34:26.509318,2025-07-11 17:34:26.509318,
546,Returned,337,25,1984,2025-06-27 17:56:17.096290,2025-07-11 17:56:17.096290,
547,Returned,154,1,6201,2025-03-28 10:41:02.903962,2025-04-11 10:41:02.903962,
548,Active,138,30,1729,2025-06-19 18:36:47.569585,2025-07-03 18:36:47.569585,
549,Active,244,19,4010,2025-02-17 00:07:58.120986,2025-03-03 00:07:58.120986,
550,Returned,460,21,4503,2025-06-26 09:27:56.569430,2025-07-10 09:27:56.569430,
551,Active,18,10,699,2025-06-27 05:51:32.223109,2025-07-11 05:51:32.223109,
552,Returned,456,8,4475,2025-06-16 16:05:40.376633,2025-06-30 16:05:40.376633,
553,Returned,227,23,6189,2025-06-19 18:12:56.587347,2025-07-03 18:12:56.587347,
554,Returned,236,29,1328,2025-06-15 12:52:37.202415,2025-06-29 12:52:37.202415,
555,Returned,37,1,450,2025-06-20 09:14:22.884418,2025-07-04 09:14:22.884418,
556,Returned,385,11,6097,2025-06-15 16:53:40.353044,2025-06-29 16:53:40.353044,
557,Returned,290,2,3861,2025-06-21 08:34:26.488539,2025-07-05 08:34:26.488539,
558,Returned,445,17,5755,2025-06-19 05:07:39.389943,2025-07-03 05:07:39.389943,
559,Active,348,1,5050,2025-02-19 09:20:29.284657,2025-03-05 09:20:29.284657,
560,Cancelled,117,8,702,2025-06-27 18:27:50.988286,2025-07-11 18:27:50.988286,
561,Returned,174,5,6625,2025-06-11 04:07:27.734920,2025-06-25 04:07:27.734920,
562,Active,159,6,5716,2025-06-17 08:45:15.326915,2025-07-01 08:45:15.326915,
563,Active,396,19,6826,2025-06-25 16:59:20.049720,2025-07-09 16:59:20.049720,
564,Active,310,16,641,2025-06-18 15:36:56.051702,2025-07-02 15:36:56.051702,
565,Active,418,20,6316,2025-06-17 12:26:38.148471,2025-07-01 12:26:38.148471,
566,Returned,218,19,6916,2025-04-22 15:46:30.125196,2025-05-06 15:46:30.125196,
567,Returned,156,4,165,2025-06-27 09:41:42.009856,2025-07-11 09:41:42.009856,
568,Returned,297,26,3395,2025-06-19 03:35:12.147145,2025-07-03 03:35:12.147145,
569,Returned,441,13,1024,2025-06-16 02:00:36.013618,2025-06-30 02:00:36.013618,
570,Active,357,25,3701,2025-06-26 18:29:03.404690,2025-07-10 18:29:03.404690,
571,Returned,115,26,7829,2025-05-11 04:42:39.124280,2025-05-25 04:42:39.124280,
572,Active,135,25,2661,2025-06-15 22:15:09.367980,2025-06-29 22:15:09.367980,
573,Returned,192,17,177,2025-06-23 00:25:00.949116,2025-07-07 00:25:00.949116,
574,Returned,430,25,6847,2025-06-18 08:47:48.393588,2025-07-02 08:47:48.393588,
575,Active,186,14,6157,2025-06-22 09:53:49.083265,2025-07-06 09:53:49.083265,
576,Active,453,5,5665,2025-06-14 21:49:35.972776,2025-06-28 21:49:35.972776,
577,Returned,490,7,5334,2024-12-25 07:48:23.398637,2025-01-08 07:48:23.398637,
578,Returned,338,17,2865,2025-06-19 16:41:56.974043,2025-07-03 16:41:56.974043,
579,Active,105,28,581,2024-12-18 01:29:40.209974,2025-01-01 01:29:40.209974,
580,Cancelled,33,13,2327,2025-03-11 22:33:18.016986,2025-03-25 22:33:18.016986,
581,Active,330,5,6658,2025-06-15 15:18:50.134079,2025-06-29 15:18:50.134079,
582,Active,41,4,978,2025-06-20 10:52:25.393095,2025-07-04 10:52:25.393095,
583,Returned,338,7,3618,2025-06-18 12:11:36.114091,2025-07-02 12:11:36.114091,
584,Returned,181,1,5841,2025-03-11 21:47:56.819575,2025-03-25 21:47:56.819575,
585,Active,176,11,193,2025-06-16 21:33:25.379858,2025-06-30 21:33:25.379858,
586,Active,190,22,7850,2024-10-10 02:08:16.743421,2024-10-24 02:08:16.743421,
587,Cancelled,155,18,2079,2025-06-18 09:08:34.557485,2025-07-02 09:08:34.557485,
588,Returned,13,1,4775,2025-06-17 17:42:55.436734,2025-07-01 17:42:55.436734,
589,Returned,291,2,7917,2025-06-27 00:20:03.149899,2025-07-11 00:20:03.149899,
590,Returned,144,4,4094,2024-10-15 09:10:46.878068,2024-10-29 09:10:46.878068,
591,Returned,14,10,38,2025-06-19 07:58:00.975307,2025-07-03 07:58:00.975307,
592,Active,404,7,1675,2025-06-18 05:45:24.953130,2025-07-02 05:45:24.953130,
593,Returned,379,11,2533,2025-06-26 11:40:30.582198,2025-07-10 11:40:30.582198,
594,Returned,235,28,5394,2025-02-15 14:54:55.988073,2025-03-01 14:54:55.988073,
595,Returned,153,28,4190,2025-02-18 11:59:44.653246,2025-03-04 11:59:44.653246,
596,Cancelled,403,30,7457,2025-05-30 03:03:42.400034,2025-06-13 03:03:42.400034,
597,Active,270,4,5403,2025-06-26 20:43:15.669472,2025-07-10 20:43:15.669472,
598,Returned,120,1,813,2025-06-26 20:01:00.675250,2025-07-10 20:01:00.675250,
599,Returned,66,18,1495,2025-06-16 23:42:13.791862,2025-06-30 23:42:13.791862,
600,Active,382,16,5043,2025-06-25 15:30:01.337605,2025-07-09 15:30:01.337605,
601,Active,57,18,1661,2025-06-20 04:42:58.132195,2025-07-04 04:42:58.132195,
602,Returned,353,25,5943,2025-04-30 17:42:09.223734,2025-05-14 17:42:09.223734,
603,Returned,65,19,5338,2024-10-05 03:13:29.829194,2024-10-19 03:13:29.829194,
604,Active,74,6,4701,2025-06-15 06:34:33.737849,2025-06-29 06:34:33.737849,
605,Returned,128,26,5768,2025-06-16 03:12:57.958441,2025-06-30 03:12:57.958441,
606,Returned,142,5,1653,2025-06-24 00:32:58.815359,2025-07-08 00:32:58.815359,
607,Returned,158,2,945,2025-06-24 20:35:58.132202,2025-07-08 20:35:58.132202,
608,Returned,308,20,1510,2025-06-24 10:31:25.178845,2025-07-08 10:31:25.178845,
609,Active,416,3,4450,2025-05-14 05:44:07.831494,2025-05-28 05:44:07.831494,
610,Cancelled,293,13,6635,2025-06-15 10:26:14.101024,2025-06-29 10:26:14.101024,
611,Returned,263,29,2377,2025-06-11 03:57:40.218155,2025-06-25 03:57:40.218155,
612,Returned,35,23,5690,2025-06-15 16:34:32.469250,2025-06-29 16:34:32.469250,
613,Returned,141,2,300,2025-06-19 13:43:41.253835,2025-07-03 13:43:41.253835,
614,Returned,394,13,2439,2025-06-25 17:56:26.628645,2025-07-09 17:56:26.628645,
615,Returned,339,10,5414,2025-06-17 07:07:56.811375,2025-07-01 07:07:56.811375,
616,Returned,28,13,768,2025-06-23 18:13:36.705226,2025-07-07 18:13:36.705226,
617,Active,240,14,7581,2025-06-16 03:58:26.588700,2025-06-30 03:58:26.588700,
618,Active,452,25,3982,2025-06-16 17:31:50.607867,2025-06-30 17:31:50.607867,
619,Active,31,21,5853,2025-03-17 10:48:19.639741,2025-03-31 10:48:19.639741,
620,Active,213,12,7919,2025-06-15 19:15:16.236308,2025-06-29 19:15:16.236308,
621,Returned,348,29,673,2025-06-20 16:05:19.179719,2025-07-04 16:05:19.179719,
622,Returned,47,12,169,2024-12-30 07:46:00.466554,2025-01-13 07:46:00.466554,
623,Cancelled,396,29,4414,2025-06-22 07:28:42.629758,2025-07-06 07:28:42.629758,
624,Returned,100,7,3454,2025-06-15 09:20:23.427486,2025-06-29 09:20:23.427486,
625,Returned,38,18,6115,2025-06-02 17:30:18.043456,2025-06-16 17:30:18.043456,
626,Returned,210,10,3482,2025-06-16 05:07:40.373837,2025-06-30 05:07:40.373837,
627,Returned,418,27,2147,2025-02-03 00:06:54.611594,2025-02-17 00:06:54.611594,
628,Returned,491,3,1,2025-06-25 04:35:40.840235,2025-07-09 04:35:40.840235,
629,Cancelled,218,20,2846,2025-06-17 09:47:42.401779,2025-07-01 09:47:42.401779,
630,Returned,74,25,6934,2025-06-25 06:42:46.867843,2025-07-09 06:42:46.867843,
631,Active,399,11,6154,2025-06-17 21:58:51.374302,2025-07-01 21:58:51.374302,
632,Returned,237,1,59,2025-06-18 00:56:20.722509,2025-07-02 00:56:20.722509,
633,Returned,406,27,318,2024-12-16 22:58:12.931466,2024-12-30 22:58:12.931466,
634,Returned,473,24,1526,2025-06-20 03:57:00.629460,2025-07-04 03:57:00.629460,
635,Active,74,20,3320,2025-06-21 11:27:00.585641,2025-07-05 11:27:00.585641,
636,Active,472,28,1895,2025-06-20 22:18:45.073036,2025-07-04 22:18:45.073036,
637,Active,89,6,5849,2025-06-16 13:49:30.005908,2025-06-30 13:49:30.005908,
638,Active,478,25,2288,2025-06-26 23:35:17.191689,2025-07-10 23:35:17.191689,
639,Returned,44,8,4559,2025-06-15 07:09:44.909800,2025-06-29 07:09:44.909800,
640,Returned,34,23,1700,2025-06-18 16:34:49.022656,2025-07-02 16:34:49.022656,
641,Returned,481,27,7381,2025-06-22 23:12:56.974367,2025-07-06 23:12:56.974367,
642,Returned,366,30,4440,2025-06-15 17:31:44.972924,2025-06-29 17:31:44.972924,
643,Returned,316,15,4439,2024-12-18 08:25:40.955150,2025-01-01 08:25:40.955150,
644,Returned,251,3,6268,2025-06-15 17:59:54.348591,2025-06-29 17:59:54.348591,
645,Returned,6,21,2490,2025-06-21 21:26:39.115196,2025-07-05 21:26:39.115196,
646,Returned,409,10,6870,2025-06-23 04:00:13.160238,2025-07-07 04:00:13.160238,
647,Returned,65,13,2902,2024-10-09 08:47:09.729507,2024-10-23 08:47:09.729507,
648,Active,128,10,6445,2025-04-20 04:13:09.148671,2025-05-04 04:13:09.148671,
649,Active,71,13,2879,2025-06-19 11:38:55.911790,2025-07-03 11:38:55.911790,
650,Returned,47,11,2250,2025-06-19 14:57:56.608947,2025-07-03 14:57:56.608947,
651,Returned,473,18,7105,2025-05-27 09:02:10.830738,2025-06-10 09:02:10.830738,
652,Returned,47,17,4327,2025-02-02 06:16:59.081293,2025-02-16 06:16:59.081293,
653,Active,250,10,7428,2025-06-16 05:06:47.496973,2025-06-30 05:06:47.496973,
654,Returned,413,9,6099,2025-06-18 20:23:18.906678,2025-07-02 20:23:18.906678,
655,Returned,184,23,500,2025-05-27 13:51:23.851047,2025-06-10 13:51:23.851047,
656,Returned,38,12,1692,2025-06-15 04:35:31.334920,2025-06-29 04:35:31.334920,
657,Returned,39,6,4415,2025-06-21 09:53:40.188164,2025-07-05 09:53:40.188164,
658,Returned,112,2,184,2025-06-18 22:14:38.363278,2025-07-02 22:14:38.363278,
659,Returned,425,4,5038,2025-06-19 00:30:39.988186,2025-07-03 00:30:39.988186,
660,Returned,320,23,7692,2025-06-19 15:06:24.291022,2025-07-03 15:06:24.291022,
661,Active,118,3,1949,2025-06-25 18:55:55.510577,2025-07-09 18:55:55.510577,
662,Active,94,5,252,2025-06-27 16:21:47.433543,2025-07-11 16:21:47.433543,
663,Active,232,28,7204,2025-06-17 11:42:56.459968,2025-07-01 11:42:56.459968,
664,Returned,230,16,1274,2025-06-24 15:34:24.926191,2025-07-08 15:34:24.926191,
665,Active,290,1,2004,2025-06-17 15:47:33.904982,2025-07-01 15:47:33.904982,
666,Active,350,6,7264,2025-06-23 00:34:18.964591,2025-07-07 00:34:18.964591,
667,Active,201,26,3117,2025-05-25 16:50:07.668895,2025-06-08 16:50:07.668895,
668,Returned,322,13,6798,2025-06-25 18:40:46.223712,2025-07-09 18:40:46.223712,
669,Returned,456,7,1985,2025-06-19 10:42:57.973354,2025-07-03 10:42:57.973354,
670,Active,83,22,2228,2025-06-26 20:10:53.425812,2025-07-10 20:10:53.425812,
671,Returned,391,16,757,2025-06-19 00:52:07.559666,2025-07-03 00:52:07.559666,
672,Returned,434,19,2729,2025-01-26 07:16:57.077029,2025-02-09 07:16:57.077029,
673,Returned,243,10,5467,2025-02-20 06:37:50.938216,2025-03-06 06:37:50.938216,
674,Returned,307,1,7231,2025-06-20 09:38:01.100365,2025-07-04 09:38:01.100365,
675,Returned,106,2,7915,2025-06-23 14:06:17.453468,2025-07-07 14:06:17.453468,
676,Active,227,21,3361,2025-06-22 01:27:08.947584,2025-07-06 01:27:08.947584,
677,Returned,306,28,4070,2025-06-25 03:51:21.121688,2025-07-09 03:51:21.121688,
678,Returned,382,11,2066,2025-06-20 00:48:46.698755,2025-07-04 00:48:46.698755,
679,Active,339,29,4595,2025-05-18 19:13:50.385488,2025-06-01 19:13:50.385488,
680,Returned,495,6,7718,2025-06-27 16:53:23.970118,2025-07-11 16:53:23.970118,
681,Active,84,2,4330,2025-06-15 07:59:12.430619,2025-06-29 07:59:12.430619,
682,Returned,475,19,5113,2025-06-25 06:02:34.459387,2025-07-09 06:02:34.459387,
683,Active,10,11,25,2025-06-25 19:27:56.642839,2025-07-09 19:27:56.642839,
684,Returned,458,3,31,2025-06-15 10:52:55.581692,2025-06-29 10:52:55.581692,
685,Returned,415,21,4202,2025-06-24 16:39:03.591757,2025-07-08 16:39:03.591757,
686,Active,120,1,5073,2025-06-17 00:28:14.669532,2025-07-01 00:28:14.669532,
687,Active,345,5,1287,2025-06-15 08:33:25.829930,2025-06-29 08:33:25.829930,
688,Active,126,12,5775,2025-06-18 10:59:41.422859,2025-07-02 10:59:41.422859,
689,Returned,74,26,7900,2025-01-10 06:11:48.072914,2025-01-24 06:11:48.072914,
690,Returned,462,21,649,2025-06-26 09:46:38.718443,2025-07-10 09:46:38.718443,
691,Returned,351,12,2083,2025-06-17 11:42:42.791541,2025-07-01 11:42:42.791541,
692,Returned,5,15,1367,2025-06-16 10:22:10.336588,2025-06-30 10:22:10.336588,
693,Returned,401,14,3290,2025-06-24 23:45:11.321662,2025-07-08 23:45:11.321662,
694,Active,469,17,4449,2025-06-27 01:47:34.919673,2025-07-11 01:47:34.919673,
695,Returned,364,13,6568,2025-06-21 10:45:56.695525,2025-07-05 10:45:56.695525,
696,Active,97,16,3197,2025-06-21 03:40:16.180822,2025-07-05 03:40:16.180822,
697,Returned,20,25,2309,2025-06-25 16:13:17.596878,2025-07-09 16:13:17.596878,
698,Active,118,23,1107,2025-06-14 23:24:06.248492,2025-06-28 23:24:06.248492,
699,Returned,234,20,416,2025-06-24 20:44:00.220726,2025-07-08 20:44:00.220726,
700,Returned,374,10,7776,2025-06-23 02:22:04.873211,2025-07-07 02:22:04.873211,
701,Returned,398,21,3027,2025-06-15 17:43:23.461827,2025-06-29 17:43:23.461827,
702,Cancelled,5,9,4272,2025-06-24 16:55:53.364977,2025-07-08 16:55:53.364977,
703,Returned,243,25,168,2025-02-06 11:35:03.852118,2025-02-20 11:35:03.852118,
704,Returned,214,30,6760,2024-11-12 15:16:09.104527,2024-11-26 15:16:09.104527,
705,Active,248,21,264,2025-06-19 20:37:24.253993,2025-07-03 20:37:24.253993,
706,Returned,151,26,1709,2025-06-25 17:43:00.192305,2025-07-09 17:43:00.192305,
707,Returned,487,4,7870,2025-06-16 01:46:07.259961,2025-06-30 01:46:07.259961,
708,Returned,16,20,85,2025-06-22 10:02:40.744908,2025-07-06 10:02:40.744908,
709,Returned,256,12,7577,2025-06-27 13:28:04.906037,2025-07-11 13:28:04.906037,
710,Returned,407,4,4688,2025-04-22 22:32:47.384974,2025-05-06 22:32:47.384974,
711,Returned,310,11,7184,2025-01-19 16:31:21.682452,2025-02-02 16:31:21.682452,
712,Returned,305,21,4469,2025-06-15 17:06:39.390021,2025-06-29 17:06:39.390021,
713,Returned,128,30,1986,2025-06-25 21:27:25.211096,2025-07-09 21:27:25.211096,
714,Returned,31,8,4473,2025-05-06 14:21:20.910289,2025-05-20 14:21:20.910289,
715,Active,405,20,146,2025-06-19 08:18:45.056540,2025-07-03 08:18:45.056540,
716,Returned,316,30,5721,2025-06-27 05:57:07.996841,2025-07-11 05:57:07.996841,
717,Returned,201,12,1909,2025-05-20 06:13:08.060322,2025-06-03 06:13:08.060322,
718,Returned,443,28,5287,2025-06-22 17:15:59.892055,2025-07-06 17:15:59.892055,
719,Active,261,14,2555,2024-09-29 19:43:48.795605,2024-10-13 19:43:48.795605,
720,Returned,295,15,3589,2025-06-22 17:58:52.386508,2025-07-06 17:58:52.386508,
721,Active,229,4,1134,2025-06-27 17:19:28.372209,2025-07-11 17:19:28.372209,
722,Returned,408,12,4679,2025-06-21 10:39:54.354053,2025-07-05 10:39:54.354053,
723,Returned,268,17,1964,2025-06-17 11:59:38.667011,2025-07-01 11:59:38.667011,
724,Active,9,11,2306,2025-06-22 17:22:39.764097,2025-07-06 17:22:39.764097,
725,Active,476,16,1254,2025-03-27 15:34:40.831843,2025-04-10 15:34:40.831843,
726,Returned,467,24,6651,2025-02-14 13:52:22.806027,2025-02-28 13:52:22.806027,
727,Returned,187,6,5644,2025-06-27 05:59:49.549387,2025-07-11 05:59:49.549387,
728,Returned,196,4,4723,2025-04-08 14:27:24.437241,2025-04-22 14:27:24.437241,
729,Cancelled,491,7,184,2025-06-16 02:13:07.266668,2025-06-30 02:13:07.266668,
730,Active,317,1,3119,2025-06-19 00:18:07.812372,2025-07-03 00:18:07.812372,
731,Returned,91,5,6235,2025-03-03 20:26:16.308002,2025-03-17 20:26:16.308002,
732,Active,10,11,4505,2025-06-22 10:18:05.483567,2025-07-06 10:18:05.483567,
733,Returned,229,2,1146,2025-06-26 01:38:13.784860,2025-07-10 01:38:13.784860,
734,Active,24,21,4883,2025-06-15 20:50:39.441463,2025-06-29 20:50:39.441463,
735,Active,370,20,5701,2025-06-26 16:25:42.785892,2025-07-10 16:25:42.785892,
736,Returned,309,1,2894,2025-06-21 12:01:26.645994,2025-07-05 12:01:26.645994,
737,Returned,417,19,2946,2025-06-16 14:02:14.785442,2025-06-30 14:02:14.785442,
738,Returned,275,17,508,2025-06-17 18:24:46.828168,2025-07-01 18:24:46.828168,
739,Active,219,24,2540,2025-06-19 15:03:04.727202,2025-07-03 15:03:04.727202,
740,Returned,301,10,953,2025-06-17 19:44:18.340244,2025-07-01 19:44:18.340244,
741,Returned,387,23,5219,2025-06-25 10:56:59.779446,2025-07-09 10:56:59.779446,
742,Returned,393,22,5835,2025-05-24 01:47:27.892920,2025-06-07 01:47:27.892920,
743,Returned,286,28,5547,2025-04-08 21:29:34.107484,2025-04-22 21:29:34.107484,
744,Active,305,26,2918,2025-06-17 20:35:10.765757,2025-07-01 20:35:10.765757,
745,Active,158,4,1034,2025-06-16 09:16:11.566290,2025-06-30 09:16:11.566290,
746,Returned,38,26,3517,2025-06-17 05:15:13.671363,2025-07-01 05:15:13.671363,
747,Returned,269,29,4703,2025-04-02 17:14:47.078428,2025-04-16 17:14:47.078428,
748,Returned,466,21,2359,2024-12-18 21:00:44.651528,2025-01-01 21:00:44.651528,
749,Active,406,25,2185,2025-05-14 08:47:05.865978,2025-05-28 08:47:05.865978,
750,Returned,422,30,7474,2025-06-18 06:55:31.508281,2025-07-02 06:55:31.508281,
751,Active,496,19,6212,2025-06-24 03:34:22.965779,2025-07-08 03:34:22.965779,
752,Returned,25,16,5392,2025-06-19 14:23:36.487580,2025-07-03 14:23:36.487580,
753,Returned,10,28,5792,2025-06-20 22:18:15.115870,2025-07-04 22:18:15.115870,
754,Returned,25,24,7116,2025-06-21 06:16:50.212692,2025-07-05 06:16:50.212692,
755,Returned,472,17,3629,2025-06-22 00:10:47.368571,2025-07-06 00:10:47.368571,
756,Returned,9,30,5739,2025-06-19 07:06:34.673267,2025-07-03 07:06:34.673267,
757,Active,235,8,4963,2025-05-22 18:45:21.802221,2025-06-05 18:45:21.802221,
758,Active,182,28,5396,2025-03-12 18:14:46.951221,2025-03-26 18:14:46.951221,
759,Returned,360,20,3072,2025-03-01 01:45:58.860137,2025-03-15 01:45:58.860137,
760,Returned,394,9,6368,2025-06-17 17:15:59.870316,2025-07-01 17:15:59.870316,
761,Active,264,9,19,2025-06-26 08:55:00.997092,2025-07-10 08:55:00.997092,
762,Active,96,21,5604,2025-06-20 07:48:59.257267,2025-07-04 07:48:59.257267,
763,Active,350,5,7413,2025-06-20 05:47:59.675512,2025-07-04 05:47:59.675512,
764,Returned,493,8,2716,2025-06-22 10:51:48.117737,2025-07-06 10:51:48.117737,
765,Cancelled,489,6,7167,2025-06-14 22:27:58.442909,2025-06-28 22:27:58.442909,
766,Returned,66,15,5659,2025-06-19 02:58:29.564008,2025-07-03 02:58:29.564008,
767,Active,479,20,1583,2025-06-14 22:49:37.718560,2025-06-28 22:49:37.718560,
768,Returned,38,4,6865,2025-06-15 05:25:17.437214,2025-06-29 05:25:17.437214,
769,Returned,399,2,1002,2025-06-24 14:26:38.856624,2025-07-08 14:26:38.856624,
770,Active,198,12,256,2025-06-27 04:12:20.439437,2025-07-11 04:12:20.439437,
771,Active,319,20,5156,2025-06-21 02:34:32.525093,2025-07-05 02:34:32.525093,
772,Returned,351,3,5552,2024-12-10 18:23:11.801745,2024-12-24 18:23:11.801745,
773,Returned,450,29,5555,2025-06-19 14:48:08.444517,2025-07-03 14:48:08.444517,
774,Active,132,6,6352,2025-06-19 22:18:02.667486,2025-07-03 22:18:02.667486,
775,Returned,196,1,6856,2025-06-19 12:57:42.125639,2025-07-03 12:57:42.125639,
776,Returned,442,14,6173,2025-06-26 03:43:58.251619,2025-07-10 03:43:58.251619,
777,Active,328,24,2422,2025-06-22 09:39:19.962496,2025-07-06 09:39:19.962496,
778,Cancelled,349,11,6792,2025-05-20 15:29:45.060179,2025-06-03 15:29:45.060179,
779,Returned,169,19,883,2025-06-27 15:22:36.248347,2025-07-11 15:22:36.248347,
780,Returned,163,3,4647,2025-06-21 03:47:24.406898,2025-07-05 03:47:24.406898,
781,Returned,393,24,3924,2025-06-17 08:34:17.129646,2025-07-01 08:34:17.129646,
782,Returned,485,26,5494,2025-02-27 08:40:43.678822,2025-03-13 08:40:43.678822,
783,Returned,361,24,7820,2025-06-21 00:02:10.141849,2025-07-05 00:02:10.141849,
784,Returned,99,28,6992,2025-06-25 03:46:08.675956,2025-07-09 03:46:08.675956,
785,Returned,223,10,2637,2025-06-16 15:53:16.065123,2025-06-30 15:53:16.065123,
786,Active,47,21,6472,2025-06-17 15:05:30.251851,2025-07-01 15:05:30.251851,
787,Returned,249,12,1793,2024-09-09 12:37:09.048337,2024-09-23 12:37:09.048337,
788,Returned,354,26,1325,2025-06-20 22:58:26.294829,2025-07-04 22:58:26.294829,
789,Returned,230,7,6952,2025-06-14 21:00:40.027601,2025-06-28 21:00:40.027601,
790,Returned,294,24,1047,2025-06-17 14:54:07.111145,2025-07-01 14:54:07.111145,
791,Returned,254,5,4799,2025-06-24 09:40:49.824319,2025-07-08 09:40:49.824319,
792,Cancelled,250,25,6155,2025-06-17 03:19:30.385168,2025-07-01 03:19:30.385168,
793,Active,337,9,4476,2025-06-17 22:54:27.476255,2025-07-01 22:54:27.476255,
794,Returned,155,15,4047,2025-06-16 04:14:02.223454,2025-06-30 04:14:02.223454,
795,Active,118,20,1400,2025-02-05 05:19:59.758549,2025-02-19 05:19:59.758549,
796,Returned,256,4,4305,2025-06-22 03:11:46.838278,2025-07-06 03:11:46.838278,
797,Returned,115,14,5347,2025-06-25 17:10:59.341363,2025-07-09 17:10:59.341363,
798,Returned,460,30,3444,2025-05-27 14:19:06.035288,2025-06-10 14:19:06.035288,
799,Active,388,2,6816,2025-06-21 01:14:21.790443,2025-07-05 01:14:21.790443,
800,Returned,257,19,767,2025-05-26 03:01:37.586690,2025-06-09 03:01:37.586690,
801,Active,280,14,3611,2025-06-27 00:43:07.055453,2025-07-11 00:43:07.055453,
802,Active,201,7,51,2025-06-16 14:33:48.019088,2025-06-30 14:33:48.019088,
803,Active,215,6,6815,2025-06-21 04:22:19.013965,2025-07-05 04:22:19.013965,
804,Active,299,18,2446,2025-05-22 07:23:06.648627,2025-06-05 07:23:06.648627,
805,Returned,96,20,3382,2025-06-26 14:17:19.346740,2025-07-10 14:17:19.346740,
806,Returned,441,19,1485,2025-06-25 15:20:43.145892,2025-07-09 15:20:43.145892,
807,Returned,12,18,684,2025-06-17 05:32:25.901291,2025-07-01 05:32:25.901291,
808,Active,232,11,6310,2025-06-24 20:57:22.374214,2025-07-08 20:57:22.374214,
809,Active,443,28,1317,2025-06-20 21:46:29.851285,2025-07-04 21:46:29.851285,
810,Active,176,27,1535,2025-06-15 12:18:08.588700,2025-06-29 12:18:08.588700,
811,Returned,208,5,4558,2025-06-24 10:34:29.241429,2025-07-08 10:34:29.241429,
812,Returned,406,16,3246,2025-06-23 21:47:39.436012,2025-07-07 21:47:39.436012,
813,Cancelled,371,8,943,2025-06-17 03:05:20.227724,2025-07-01 03:05:20.227724,
814,Returned,193,12,5490,2025-06-20 05:12:32.514147,2025-07-04 05:12:32.514147,
815,Returned,343,27,261,2025-06-20 08:38:23.046810,2025-07-04 08:38:23.046810,
816,Active,491,2,4272,2025-06-22 04:57:51.027176,2025-07-06 04:57:51.027176,
817,Returned,297,30,4794,2025-06-25 23:45:20.072838,2025-07-09 23:45:20.072838,
818,Returned,285,13,5314,2025-01-21 01:14:42.070793,2025-02-04 01:14:42.070793,
819,Returned,157,27,6750,2025-06-26 10:09:11.617338,2025-07-10 10:09:11.617338,
820,Returned,279,30,4857,2025-06-18 09:23:53.183980,2025-07-02 09:23:53.183980,
821,Returned,475,20,90,2025-06-20 21:00:49.848603,2025-07-04 21:00:49.848603,
822,Returned,106,10,2044,2025-05-02 18:30:32.468953,2025-05-16 18:30:32.468953,
823,Returned,382,5,1232,2025-06-25 00:27:14.091321,2025-07-09 00:27:14.091321,
824,Returned,352,12,3688,2025-03-08 07:26:53.972863,2025-03-22 07:26:53.972863,
825,Returned,429,3,7474,2025-06-17 23:17:14.237234,2025-07-01 23:17:14.237234,
826,Returned,138,18,4221,2025-06-26 08:36:00.903917,2025-07-10 08:36:00.903917,
827,Active,53,23,5434,2025-06-07 00:05:23.794358,2025-06-21 00:05:23.794358,
828,Returned,386,26,5799,2025-06-20 17:46:46.582612,2025-07-04 17:46:46.582612,
829,Active,465,7,6566,2025-06-21 10:42:01.889109,2025-07-05 10:42:01.889109,
830,Returned,353,12,6932,2025-06-19 07:27:20.104603,2025-07-03 07:27:20.104603,
831,Returned,323,1,805,2025-06-19 07:43:50.772144,2025-07-03 07:43:50.772144,
832,Returned,227,26,3848,2025-05-27 21:54:11.547575,2025-06-10 21:54:11.547575,
833,Active,90,3,4242,2025-01-06 12:25:11.587972,2025-01-20 12:25:11.587972,
834,Active,113,9,7832,2025-06-16 15:19:48.296523,2025-06-30 15:19:48.296523,
835,Returned,60,9,2671,2025-04-27 12:47:49.162302,2025-05-11 12:47:49.162302,
836,Returned,265,22,4014,2025-03-01 07:16:53.234990,2025-03-15 07:16:53.234990,
837,Cancelled,189,11,3784,2025-05-23 04:54:35.306165,2025-06-06 04:54:35.306165,
838,Returned,144,5,6665,2025-06-26 04:03:12.733739,2025-07-10 04:03:12.733739,
839,Returned,17,27,7351,2025-06-27 07:23:33.062527,2025-07-11 07:23:33.062527,
840,Returned,383,19,1404,2024-12-04 21:46:34.055892,2024-12-18 21:46:34.055892,
841,Returned,85,17,3943,2025-06-25 03:35:46.878099,2025-07-09 03:35:46.878099,
842,Returned,116,18,5947,2025-06-16 12:16:52.585478,2025-06-30 12:16:52.585478,
843,Returned,422,4,6258,2025-05-21 20:20:43.707235,2025-06-04 20:20:43.707235,
844,Returned,411,17,5483,2025-06-18 09:12:41.279724,2025-07-02 09:12:41.279724,
845,Returned,255,18,4918,2025-06-08 16:27:16.659054,2025-06-22 16:27:16.659054,
846,Returned,463,28,3329,2025-06-19 18:31:18.904567,2025-07-03 18:31:18.904567,
847,Returned,244,22,6904,2025-06-18 01:18:31.503228,2025-07-02 01:18:31.503228,
848,Returned,56,21,4073,2025-06-22 07:34:00.808907,2025-07-06 07:34:00.808907,
849,Active,171,8,5959,2025-06-20 17:22:46.674886,2025-07-04 17:22:46.674886,
850,Returned,315,16,6854,2025-06-18 23:02:56.833774,2025-07-02 23:02:56.833774,
851,Returned,260,12,4814,2025-03-28 19:39:02.418777,2025-04-11 19:39:02.418777,
852,Returned,146,15,2639,2025-06-18 19:57:49.900717,2025-07-02 19:57:49.900717,
853,Returned,402,23,2676,2024-11-23 20:46:05.368462,2024-12-07 20:46:05.368462,
854,Returned,356,30,4920,2025-06-16 21:40:13.946492,2025-06-30 21:40:13.946492,
855,Returned,330,9,7274,2025-06-19 02:14:36.050973,2025-07-03 02:14:36.050973,
856,Returned,293,9,7845,2025-04-20 08:59:20.621188,2025-05-04 08:59:20.621188,
857,Returned,427,23,3352,2025-04-10 04:29:14.474975,2025-04-24 04:29:14.474975,
858,Returned,224,5,3398,2025-06-26 10:33:23.648878,2025-07-10 10:33:23.648878,
859,Returned,457,29,3316,2025-06-21 09:59:41.956907,2025-07-05 09:59:41.956907,
860,Active,350,3,5948,2025-06-08 16:09:10.517811,2025-06-22 16:09:10.517811,
861,Returned,471,20,2784,2025-06-25 17:52:42.833401,2025-07-09 17:52:42.833401,
862,Active,383,11,7399,2025-06-19 00:49:57.735839,2025-07-03 00:49:57.735839,
863,Returned,382,29,5297,2024-09-12 22:43:41.429465,2024-09-26 22:43:41.429465,
864,Returned,161,20,2027,2025-06-19 04:37:32.669509,2025-07-03 04:37:32.669509,
865,Active,357,20,5085,2025-06-25 13:16:45.015790,2025-07-09 13:16:45.015790,
866,Active,125,12,2163,2025-06-17 04:19:33.141984,2025-07-01 04:19:33.141984,
867,Returned,434,29,2631,2025-06-19 20:34:53.648124,2025-07-03 20:34:53.648124,
868,Returned,148,7,7126,2025-06-24 05:51:02.379755,2025-07-08 05:51:02.379755,
869,Active,423,3,7073,2025-05-06 14:32:32.691673,2025-05-20 14:32:32.691673,
870,Active,377,25,3912,2025-02-10 13:58:58.606974,2025-02-24 13:58:58.606974,
871,Returned,366,9,3151,2025-06-14 19:42:53.039058,2025-06-28 19:42:53.039058,
872,Returned,255,27,6102,2025-06-20 03:32:12.408030,2025-07-04 03:32:12.408030,
873,Returned,7,7,1254,2025-06-16 14:28:01.286359,2025-06-30 14:28:01.286359,
874,Active,80,28,2397,2025-06-23 10:34:49.549231,2025-07-07 10:34:49.549231,
875,Returned,452,3,3381,2025-06-23 14:41:22.589410,2025-07-07 14:41:22.589410,
876,Active,296,2,4292,2025-05-01 17:04:59.975844,2025-05-15 17:04:59.975844,
877,Active,210,3,6648,2024-11-11 22:19:24.161999,2024-11-25 22:19:24.161999,
878,Returned,488,30,579,2025-02-20 12:49:09.149801,2025-03-06 12:49:09.149801,
879,Returned,95,17,2696,2025-06-26 14:41:03.915689,2025-07-10 14:41:03.915689,
880,Active,154,3,5138,2025-06-24 07:31:13.644395,2025-07-08 07:31:13.644395,
881,Returned,122,16,133,2025-04-19 03:17:37.894210,2025-05-03 03:17:37.894210,
882,Returned,335,17,2854,2025-06-26 05:09:45.849846,2025-07-10 05:09:45.849846,
883,Returned,117,6,172,2025-06-16 22:40:36.409087,2025-06-30 22:40:36.409087,
884,Returned,440,29,6042,2025-06-19 20:51:52.235495,2025-07-03 20:51:52.235495,
885,Returned,234,21,6369,2025-06-17 05:33:11.871251,2025-07-01 05:33:11.871251,
886,Active,49,15,5051,2025-06-26 04:12:06.411180,2025-07-10 04:12:06.411180,
887,Returned,238,7,2908,2025-06-15 00:38:15.634567,2025-06-29 00:38:15.634567,
888,Returned,160,21,3054,2025-06-23 19:25:52.685295,2025-07-07 19:25:52.685295,
889,Active,478,7,168,2025-06-23 09:25:50.090252,2025-07-07 09:25:50.090252,
890,Returned,101,18,4130,2025-06-16 07:52:02.338075,2025-06-30 07:52:02.338075,
891,Returned,263,3,5135,2025-06-27 14:02:22.376543,2025-07-11 14:02:22.376543,
892,Returned,411,26,2189,2025-06-17 01:34:28.781881,2025-07-01 01:34:28.781881,
893,Active,453,19,2232,2025-06-26 22:25:00.675282,2025-07-10 22:25:00.675282,
894,Returned,411,21,2195,2025-04-29 03:58:26.349758,2025-05-13 03:58:26.349758,
895,Active,3,19,3624,2025-06-26 22:02:55.393795,2025-07-10 22:02:55.393795,
896,Returned,198,6,7657,2025-06-23 06:21:01.664474,2025-07-07 06:21:01.664474,
897,Returned,442,16,6216,2025-06-19 04:59:27.096403,2025-07-03 04:59:27.096403,
898,Returned,391,16,5890,2025-01-24 05:10:09.166269,2025-02-07 05:10:09.166269,
899,Returned,160,4,6072,2025-06-18 13:21:16.618536,2025-07-02 13:21:16.618536,
900,Returned,174,18,5420,2025-06-25 20:24:26.253774,2025-07-09 20:24:26.253774,
901,Active,371,28,382,2025-04-10 18:31:29.988860,2025-04-24 18:31:29.988860,
902,Active,6,22,5970,2025-06-26 02:43:15.677075,2025-07-10 02:43:15.677075,
903,Active,311,21,1770,2025-06-22 12:42:53.071175,2025-07-06 12:42:53.071175,
904,Returned,356,3,3118,2025-06-16 11:42:04.787494,2025-06-30 11:42:04.787494,
905,Returned,496,29,1297,2025-06-20 19:42:21.768098,2025-07-04 19:42:21.768098,
906,Returned,232,19,3430,2025-06-22 21:34:11.218845,2025-07-06 21:34:11.218845,
907,Returned,194,26,1383,2025-06-23 16:10:00.425093,2025-07-07 16:10:00.425093,
908,Active,496,26,3961,2024-11-21 17:17:50.126285,2024-12-05 17:17:50.126285,
909,Returned,356,8,1997,2025-04-05 18:53:19.715240,2025-04-19 18:53:19.715240,
910,Returned,111,17,2330,2025-06-22 23:32:17.245172,2025-07-06 23:32:17.245172,
911,Active,259,8,4608,2025-06-25 14:37:01.615214,2025-07-09 14:37:01.615214,
912,Returned,227,28,1087,2025-06-24 03:42:53.926546,2025-07-08 03:42:53.926546,
913,Returned,472,8,541,2025-06-27 13:32:17.686675,2025-07-11 13:32:17.686675,
914,Returned,289,17,2856,2025-06-25 01:53:00.885218,2025-07-09 01:53:00.885218,
915,Returned,59,11,6365,2025-06-22 05:06:03.089727,2025-07-06 05:06:03.089727,
916,Cancelled,439,26,5131,2025-06-17 07:26:09.064597,2025-07-01 07:26:09.064597,
917,Returned,287,7,2647,2025-06-24 16:51:37.828255,2025-07-08 16:51:37.828255,
918,Cancelled,129,16,7486,2025-06-22 04:24:33.060243,2025-07-06 04:24:33.060243,
919,Returned,484,7,3684,2025-06-23 00:59:12.264440,2025-07-07 00:59:12.264440,
920,Returned,242,1,1802,2025-06-24 22:10:27.675088,2025-07-08 22:10:27.675088,
921,Cancelled,57,3,3578,2025-06-27 06:50:33.142128,2025-07-11 06:50:33.142128,
922,Active,404,19,2424,2025-06-14 08:58:16.900455,2025-06-28 08:58:16.900455,
923,Returned,23,24,7016,2025-06-22 10:27:00.225571,2025-07-06 10:27:00.225571,
924,Returned,432,20,663,2025-06-19 02:31:39.410524,2025-07-03 02:31:39.410524,
925,Returned,417,28,5588,2025-06-26 00:52:09.146600,2025-07-10 00:52:09.146600,
926,Returned,248,15,2913,2025-06-23 20:10:11.960834,2025-07-07 20:10:11.960834,
927,Returned,112,2,6008,2025-04-09 08:22:52.578618,2025-04-23 08:22:52.578618,
928,Returned,329,28,5518,2025-06-17 11:40:43.792485,2025-07-01 11:40:43.792485,
929,Returned,38,16,1140,2025-05-28 20:10:21.174667,2025-06-11 20:10:21.174667,
930,Active,191,11,6266,2025-06-27 00:03:46.861274,2025-07-11 00:03:46.861274,
931,Active,457,15,697,2024-12-23 07:28:34.516894,2025-01-06 07:28:34.516894,
932,Returned,130,27,4363,2025-06-20 13:27:24.055147,2025-07-04 13:27:24.055147,
933,Returned,95,29,5345,2025-06-26 10:35:13.421884,2025-07-10 10:35:13.421884,
934,Returned,113,5,7687,2025-02-05 05:59:01.185160,2025-02-19 05:59:01.185160,
935,Cancelled,448,9,4815,2025-06-24 13:11:06.102109,2025-07-08 13:11:06.102109,
936,Returned,168,2,533,2025-06-20 04:17:46.234536,2025-07-04 04:17:46.234536,
937,Returned,35,22,6243,2025-04-04 11:41:59.401966,2025-04-18 11:41:59.401966,
938,Returned,472,19,6974,2025-06-20 18:56:54.706581,2025-07-04 18:56:54.706581,
939,Returned,290,1,670,2025-06-23 22:15:23.767390,2025-07-07 22:15:23.767390,
940,Returned,267,8,6381,2025-06-20 16:21:57.000984,2025-07-04 16:21:57.000984,
941,Returned,358,2,4621,2025-06-22 17:47:55.846006,2025-07-06 17:47:55.846006,
942,Returned,127,30,3988,2025-06-27 12:15:43.802302,2025-07-11 12:15:43.802302,
943,Cancelled,252,19,5692,2025-06-15 14:53:03.989542,2025-06-29 14:53:03.989542,
944,Active,301,17,7547,2025-06-23 19:24:14.491740,2025-07-07 19:24:14.491740,
945,Active,18,24,2,2025-06-23 17:43:33.786516,2025-07-07 17:43:33.786516,
946,Returned,183,11,7572,2025-06-19 19:13:01.878724,2025-07-03 19:13:01.878724,
947,Returned,164,23,2998,2025-06-20 20:36:18.531936,2025-07-04 20:36:18.531936,
948,Returned,133,25,7182,2025-06-20 00:28:08.160396,2025-07-04 00:28:08.160396,
949,Returned,302,14,135,2025-06-19 20:08:24.300767,2025-07-03 20:08:24.300767,
950,Returned,355,17,2543,2025-06-24 20:59:46.074931,2025-07-08 20:59:46.074931,
951,Returned,500,12,1674,2025-06-19 03:46:25.319537,2025-07-03 03:46:25.319537,
952,Returned,361,26,6477,2025-06-24 08:38:06.626589,2025-07-08 08:38:06.626589,
953,Active,310,25,2786,2025-06-10 09:03:49.502987,2025-06-24 09:03:49.502987,
954,Active,210,20,3925,2025-04-26 06:36:03.794760,2025-05-10 06:36:03.794760,
955,Returned,241,25,5644,2025-03-11 20:44:11.024340,2025-03-25 20:44:11.024340,
956,Returned,310,5,5953,2025-05-31 16:38:54.579809,2025-06-14 16:38:54.579809,
957,Returned,417,2,4329,2025-03-08 03:58:45.369230,2025-03-22 03:58:45.369230,
958,Cancelled,394,11,6952,2025-03-19 15:31:45.358126,2025-04-02 15:31:45.358126,
959,Active,316,6,2870,2024-10-10 13:32:45.216429,2024-10-24 13:32:45.216429,
960,Active,250,4,3843,2025-06-17 12:37:05.234770,2025-07-01 12:37:05.234770,
961,Returned,407,18,4686,2025-06-23 05:01:05.527222,2025-07-07 05:01:05.527222,
962,Active,488,23,7351,2025-06-26 10:56:13.192525,2025-07-10 10:56:13.192525,
963,Active,60,29,3656,2025-06-26 08:58:04.719571,2025-07-10 08:58:04.719571,
964,Returned,107,17,6329,2025-05-26 01:48:20.129840,2025-06-09 01:48:20.129840,
965,Returned,183,22,2842,2025-06-20 17:12:20.142118,2025-07-04 17:12:20.142118,
966,Returned,54,2,493,2025-06-20 05:06:01.103835,2025-07-04 05:06:01.103835,
967,Returned,194,22,2184,2025-05-02 05:40:19.086270,2025-05-16 05:40:19.086270,
968,Active,384,18,6399,2025-03-03 08:33:32.518291,2025-03-17 08:33:32.518291,
969,Active,194,21,2573,2025-06-21 02:02:56.477328,2025-07-05 02:02:56.477328,
970,Returned,365,11,7579,2025-06-23 07:10:04.542433,2025-07-07 07:10:04.542433,
971,Returned,465,11,4286,2025-05-21 21:02:28.564137,2025-06-04 21:02:28.564137,
972,Returned,255,7,2608,2025-06-24 17:09:41.238876,2025-07-08 17:09:41.238876,
973,Active,268,25,4434,2025-06-22 13:57:57.611898,2025-07-06 13:57:57.611898,
974,Active,448,1,7789,2025-06-15 11:52:44.918155,2025-06-29 11:52:44.918155,
975,Returned,111,6,1764,2025-06-15 03:23:00.336497,2025-06-29 03:23:00.336497,
976,Active,213,3,7796,2025-06-15 20:34:05.804742,2025-06-29 20:34:05.804742,
977,Active,220,16,7206,2025-06-23 00:30:22.632158,2025-07-07 00:30:22.632158,
978,Returned,360,20,2943,2025-06-20 04:59:43.453587,2025-07-04 04:59:43.453587,
979,Active,170,10,1695,2025-06-18 07:36:30.517811,2025-07-02 07:36:30.517811,
980,Returned,180,19,6625,2025-06-16 21:50:11.997437,2025-06-30 21:50:11.997437,
981,Returned,253,1,3110,2025-06-18 00:01:07.859407,2025-07-02 00:01:07.859407,
982,Returned,43,19,4906,2025-03-06 23:08:42.963228,2025-03-20 23:08:42.963228,
983,Active,167,1,2390,2025-06-24 12:59:41.662324,2025-07-08 12:59:41.662324,
984,Active,48,2,5612,2025-06-23 23:37:39.847450,2025-07-07 23:37:39.847450,
985,Returned,151,24,3648,2025-06-19 21:35:00.627548,2025-07-03 21:35:00.627548,
986,Active,495,27,6157,2025-06-26 20:36:59.812071,2025-07-10 20:36:59.812071,
987,Returned,461,15,6333,2025-06-21 11:48:54.613093,2025-07-05 11:48:54.613093,
988,Returned,371,14,1556,2025-06-15 05:44:11.911019,2025-06-29 05:44:11.911019,
989,Cancelled,237,25,5545,2025-06-27 16:29:35.466410,2025-07-11 16:29:35.466410,
990,Returned,420,19,1183,2025-06-15 06:27:26.398814,2025-06-29 06:27:26.398814,
991,Returned,285,11,7017,2025-06-27 15:42:53.066537,2025-07-11 15:42:53.066537,
992,Active,268,4,1739,2025-04-20 02:12:30.471806,2025-05-04 02:12:30.471806,
993,Returned,250,3,4311,2025-06-20 00:20:53.242400,2025-07-04 00:20:53.242400,
994,Returned,240,3,7870,2025-06-18 12:02:27.743212,2025-07-02 12:02:27.743212,
995,Active,34,29,1620,2025-06-21 15:15:08.192175,2025-07-05 15:15:08.192175,
996,Returned,316,26,5212,2025-06-18 23:27:58.304502,2025-07-02 23:27:58.304502,
997,Returned,176,8,2530,2025-06-20 18:38:22.217955,2025-07-04 18:38:22.217955,
998,Returned,243,16,4373,2025-01-26 04:05:51.352821,2025-02-09 04:05:51.352821,
999,Returned,46,20,1272,2025-06-24 17:29:41.236223,2025-07-08 17:29:41.236223,
1000,Active,91,7,663,2025-06-26 13:53:47.672041,2025-07-10 13:53:47.672041,
